Symbol,Series,Security Name,Band,Remarks
21STCENMGM,EQ,21ST CENTURY MANAGEMENT SERVICES LIMITED,2,"-"
ANONDITA,ST,ANONDITA MEDICARE LIMITED,2,"-"
ANSALAPI,BZ,ANSAL PROPERTIES & INFRASTRUCTURE LIMITED,2,"GSM STAGE - 0"
BLUECHIP,BE,BLUE CHIP INDIA LIMITED,2,"GSM STAGE - II"
CURAA,BE,CURA TECHNOLOGIES LIMITED,2,"GSM STAGE - 0"
DHARIWAL,ST,DHARIWALCORP LIMITED,2,"-"
DHTL,ST,DOCMODE HEALTH TECHNOLOGIES LIMITED,2,"-"
DPEL,ST,DIVINE POWER ENERGY LIMITED,2,"-"
EXIMROUTES,ST,EXIM ROUTES LIMITED,2,"-"
FEL,BZ,FUTURE ENTERPRISES LIMITED,2,"GSM STAGE - 0"
GSTL,ST,GLOBESECURE TECHNOLOGIES LIMITED,2,"-"
GVKPIL,BE,GVK POWER & INFRASTRUCTURE LIMITED,2,"-"
ITTL,ST,INNOVATIVE TYRES & TUBES LIMITED,2,"-"
MAHASTEEL,BE,MAHAMAYA STEEL INDUSTRIES LIMITED,2,"-"
MCL,BE,MADHAV COPPER LIMITED,2,"-"
MEP,BZ,MEP INFRASTRUCTURE DEVELOPERS LIMITED,2,"GSM STAGE - 0"
NORBTEAEXP,BE,NORBEN TEA & EXPORTS LIMITED,2,"-"
RAJRILTD,BE,RAJ RAYON INDUSTRIES LIMITED,2,"-"
SABEVENTS,BE,SAB EVENTS & GOVERNANCE NOW MEDIA LIMITED,2,"-"
SANCO,BZ,SANCO INDUSTRIES LIMITED,2,"GSM STAGE - 0"
SANWARIA,BZ,SANWARIA CONSUMER LIMITED,2,"GSM STAGE - 0"
SITINET,BZ,SITI NETWORKS LIMITED,2,"-"
SOMATEX,BE,SOMA TEXTILES & INDUSTRIES LIMITED,2,"-"
VIPULLTD,BE,VIPUL LIMITED,2,"-"
WINSOME,BZ,WINSOME YARNS LIMITED,2,"GSM STAGE - 0"
A2ZINFRA,EQ,A2Z INFRA ENGINEERING LIMITED,5,"-"
AAATECH,BE,AAA TECHNOLOGIES LIMITED,5,"-"
AAREYDRUGS,EQ,AAREY DRUGS & PHARMACEUTICALS LIMITED,5,"-"
ABAN,BE,ABAN OFFSHORE LIMITED,5,"-"
ABINFRA,EQ,A B INFRABUILD LIMITED,5,"-"
ABSLLIQUID,EQ,ADITYA BIRLA SUN LIFE CRISIL LIQUID OVERNIGHT ETF,5,"-"
ACCORD,SM,ACCORD SYNERGY LIMITED,5,"-"
ACCPL,ST,ACCRETION PHARMACEUTICALS LIMITED,5,"-"
AGARWALFT,SM,AGARWAL FLOAT GLASS INDIA LIMITED,5,"-"
AGRITECH,BE,AGRI-TECH (INDIA) LIMITED,5,"-"
AGSTRA,BZ,AGS TRANSACT TECHNOLOGIES LIMITED,5,"-"
AGUL,SM,A G UNIVERSAL LIMITED,5,"-"
AHIMSA,ST,AHIMSA INDUSTRIES LIMITED,5,"-"
AILIMITED,SM,ABHISHEK INTEGRATIONS LIMITED,5,"-"
AIMTRON,ST,AIMTRON ELECTRONICS LIMITED,5,"-"
AISL,SM,ANI INTEGRATED SERVICES LIMITED,5,"-"
AKIKO,ST,AKIKO GLOBAL SERVICES LIMITED,5,"-"
AMBANIORGO,SM,AMBANI ORGOCHEM LIMITED,5,"-"
AMCL,ST,ANB METAL CAST LIMITED,5,"-"
AMEYA,SM,AMEYA PRECISION ENGINEERS LIMITED,5,"-"
AMIABLE,ST,AMIABLE LOGISTICS (INDIA) LIMITED,5,"-"
ANKITMETAL,BZ,ANKIT METAL & POWER LIMITED,5,"GSM STAGE - 0"
AONELIQUID,EQ,ANGEL ONE MUTUAL FUND - ANGEL ONE NIFTY 1D RATE LIQUID ETF - GROWTH,5,"-"
APOLLO,EQ,APOLLO MICRO SYSTEMS LIMITED,5,"-"
ARFIN,EQ,ARFIN INDIA LIMITED,5,"-"
ARHAM,ST,ARHAM TECHNOLOGIES LIMITED,5,"-"
ARISTO,SM,ARISTO BIO-TECH AND LIFESCIENCE LIMITED,5,"-"
ARMOUR,ST,ARMOUR SECURITY (INDIA) LIMITED,5,"-"
ARSHIYA,BZ,ARSHIYA LIMITED,5,"GSM STAGE - 0"
ARTNIRMAN,EQ,ART NIRMAN LIMITED,5,"-"
ARVEE,BE,ARVEE LABORATORIES (INDIA) LIMITED,5,"-"
ARVINDPORT,SM,ARVIND PORT AND INFRA LIMITED,5,"-"
ASCOM,ST,ASCOM LEASING & INVESTMENTS LIMITED,5,"-"
ASLIND,ST,ASL INDUSTRIES LIMITED,5,"-"
ASPIRE,SM,ASPIRE & INNOVATIVE ADVERTISING LIMITED,5,"-"
ASTRON,EQ,ASTRON PAPER & BOARD MILL LIMITED,5,"-"
AURIGROW,BE,AURI GROW INDIA LIMITED,5,"-"
AUSL,SM,ADITYA ULTRA STEEL LIMITED,5,"-"
AUSOMENT,BE,AUSOM ENTERPRISE LIMITED,5,"-"
AVROIND,BE,AVRO INDIA LIMITED,5,"-"
AVSL,ST,AVSL INDUSTRIES LIMITED,5,"-"
AXISCADES,EQ,AXISCADES TECHNOLOGIES LIMITED,5,"-"
AXITA,BE,AXITA COTTON LIMITED,5,"-"
BAFNAPH,BE,BAFNA PHARMACEUTICALS LIMITED,5,"-"
BALCO,SM,SOLVE PLASTIC PRODUCTS LIMITED,5,"-"
BANKA,EQ,BANKA BIOLOO LIMITED,5,"-"
BDR,IT,BDR BUILDCON LIMITED,5,"-"
BEACON,ST,BEACON TRUSTEESHIP LIMITED,5,"-"
BESTAGRO,BE,BEST AGROLIFE LIMITED,5,"-"
BFUTILITIE,BZ,BF UTILITIES LIMITED,5,"-"
BGRENERGY,EQ,BGR ENERGY SYSTEMS LIMITED,5,"-"
BHAGYANGR,BE,BHAGYANAGAR INDIA LIMITED,5,"-"
BIKEWO,ST,BIKEWO GREEN TECH LIMITED,5,"-"
BILVYAPAR,BE,BIL VYAPAR LIMITED,5,"GSM STAGE - 0"
BIRDYS,SM,GRILL SPLENDOUR SERVICES LIMITED,5,"-"
BLUECOAST,EQ,BLUE COAST HOTELS LIMITED,5,"GSM STAGE - 0"
BOHRAIND,EQ,BOHRA INDUSTRIES LIMITED,5,"-"
BORANA,BE,BORANA WEAVES LIMITED,5,"-"
BOSS,SM,BOSS PACKAGING SOLUTIONS LIMITED,5,"-"
BULKCORP,SM,BULKCORP INTERNATIONAL LIMITED,5,"-"
CADSYS,SM,CADSYS (INDIA) LIMITED,5,"-"
CAPTRUST,EQ,CAPITAL TRUST LIMITED,5,"-"
CASHIETF,EQ,ICICI PRUDENTIAL MF-ICICI PRUDENTIAL BSE LIQUID RATE ETF-GROWTH,5,"-"
CBAZAAR,ST,NET AVENUE TECHNOLOGIES LIMITED,5,"-"
CCCL,BE,CONSOLIDATED CONSTRUCTION CONSORTIUM LIMITED,5,"-"
CEDAAR,SM,CEDAAR TEXTILE LIMITED,5,"-"
CEREBRAINT,BZ,CEREBRA INTEGRATED TECHNOLOGIES LIMITED,5,"-"
CLCIND,BE,CLC INDUSTRIES LIMITED,5,"-"
CMRSL,SM,CYBER MEDIA RESEARCH & SERVICES LIMITED,5,"-"
COASTCORP,BE,COASTAL CORPORATION LIMITED,5,"-"
COMMITTED,SM,COMMITTED CARGO CARE LIMITED,5,"-"
COMPINFO,BZ,COMPUAGE INFOCOM LIMITED,5,"GSM STAGE - 0"
COMSYN,BE,COMMERCIAL SYN BAGS LIMITED,5,"-"
CONTI,SM,CONTINENTAL SEEDS AND CHEMICALS LIMITED,5,"-"
CPS,ST,C P S SHAPERS LIMITED,5,"-"
CTE,EQ,CAMBRIDGE TECHNOLOGY ENTERPRISES LIMITED,5,"-"
CYBERMEDIA,EQ,CYBER MEDIA (INDIA) LIMITED,5,"-"
DENEERS,SM,DE NEERS TOOLS LIMITED,5,"-"
DESTINY,SM,DESTINY LOGISTICS & INFRA LIMITED,5,"-"
DHARAN,BZ,DHARAN INFRA-EPC LIMITED,5,"-"
DIGJAMLMTD,EQ,DIGJAM LIMITED,5,"-"
DIL,BZ,DEBOCK INDUSTRIES LIMITED,5,"-"
DIRL,SM,DHANUKA INFRA REALTY LIMITED,5,"-"
DIVINEHIRA,ST,DIVINE HIRA JEWELLERS LIMITED,5,"-"
DIVYADHAN,SM,DIVYADHAN RECYCLING INDUSTRIES LIMITED,5,"-"
DRONE,SM,DRONE DESTINATION LIMITED,5,"-"
DRSCARGO,SM,DRS CARGO MOVERS LIMITED,5,"-"
DRSDILIP,SM,DRS DILIP ROADLINES LIMITED,5,"-"
DYNAMIC,SM,DYNAMIC SERVICES & SECURITY LIMITED,5,"-"
EASTSILK,BE,EASTERN SILK INDUSTRIES LIMITED,5,"-"
EFACTOR,ST,E FACTOR EXPERIENCES LIMITED,5,"-"
ELIQUID,EQ,EDELWEISS MUTUAL FUND - EDELWEISS NIFTY 1D RATE LIQUID ETF,5,"-"
EMBDL,BE,EMBASSY DEVELOPMENTS LIMITED,5,"-"
ENERGYDEV,BE,ENERGY DEVELOPMENT COMPANY LIMITED,5,"-"
EPACKPEB,EQ,EPACK PREFAB TECHNOLOGIES LIMITED,5,"-"
EQUIPPP,BE,EQUIPPP SOCIAL IMPACT TECHNOLOGIES LIMITED,5,"GSM STAGE - 0"
ESCONET,SM,ESCONET TECHNOLOGIES LIMITED,5,"-"
ESFL,SM,ESSEN SPECIALITY FILMS LIMITED,5,"-"
EUROTEXIND,BE,EUROTEX INDUSTRIES AND EXPORTS LIMITED,5,"-"
EXCEL,EQ,EXCEL REALTY N INFRA LIMITED,5,"-"
EXCELLENT,ST,EXCELLENT WIRES AND PACKAGING LIMITED,5,"-"
EXXARO,BE,EXXARO TILES LIMITED,5,"-"
FALCONTECH,SM,FALCON TECHNOPROJECTS INDIA LIMITED,5,"-"
FELDVR,BZ,FUTURE ENTERPRISES LIMITED,5,"GSM STAGE - 0"
FISCHER,EQ,FISCHER MEDICAL VENTURES LIMITED,5,"-"
FLEXITUFF,EQ,FLEXITUFF VENTURES INTERNATIONAL LIMITED,5,"-"
FLFL,BZ,FUTURE LIFESTYLE FASHIONS LIMITED,5,"GSM STAGE - 0"
FLYSBS,SM,FLYSBS AVIATION LIMITED,5,"-"
FMNL,EQ,FUTURE MARKET NETWORKS LIMITED,5,"-"
FOCE,SM,FOCE INDIA LIMITED,5,"-"
FONEBOX,ST,FONEBOX RETAIL LIMITED,5,"-"
FORGEAUTO,SM,FORGE AUTO INTERNATIONAL LIMITED,5,"-"
GANESHIN,SM,GANESH INFRAWORLD LIMITED,5,"-"
GAYAHWS,EQ,GAYATRI HIGHWAYS LIMITED,5,"-"
GCSL,BE,GRETEX CORPORATE SERVICES LIMITED,5,"-"
GICL,ST,GLOBE INTERNATIONAL CARRIERS LIMITED,5,"-"
GILT10BETA,EQ,UTI MUTUAL FUND - UTI NIFTY 10 YR BENCHMARK G-SEC ETF,5,"-"
GILT5BETA,EQ,UTI MUTUAL FUND - UTI NIFTY 5 YR BENCHMARK G-SEC ETF,5,"-"
GILT5YBEES,EQ,NIPPON INDIA ETF NIFTY 5 YR BENCHMARK GSEC,5,"-"
GIRIRAJ,SM,GIRIRAJ CIVIL DEVELOPERS LIMITED,5,"-"
GKENERGY,EQ,GK ENERGY LIMITED,5,"-"
GLFL,BE,GUJARAT LEASE FINANCING LIMITED,5,"GSM STAGE - II"
GLOBAL,BE,GLOBAL EDUCATION LIMITED,5,"-"
GML,ST,GALAXY MEDICARE LIMITED,5,"-"
GOLDENTOBC,BZ,GOLDEN TOBACCO LIMITED,5,"GSM STAGE - 0"
GOLDSTAR,SM,GOLDSTAR POWER LIMITED,5,"-"
GOYALALUM,BE,GOYAL ALUMINIUMS LIMITED,5,"-"
GRAPHISAD,SM,GRAPHISADS LIMITED,5,"-"
GRCL,SM,GAYATRI RUBBERS AND CHEMICALS LIMITED,5,"-"
GRETEX,SM,GRETEX INDUSTRIES LIMITED,5,"-"
GROWWLIQID,EQ,GROWW MUTUAL FUND - GROWW NIFTY 1D RATE LIQUID ETF,5,"-"
GSEC10IETF,EQ,ICICI PRU MUTUAL FUND-ICICI PRUDENTIAL NIFTY 10 YR BENCHMARK G-SEC ETF,5,"-"
GSEC10YEAR,EQ,MIRAE ASSET MUTUAL FUND - MIRAE ASSET NIFTY 8-13 YR G-SEC ETF,5,"-"
GSEC5IETF,EQ,ICICI PRUDENTIAL NIFTY 5 YR BENCHMARK G-SEC ETF,5,"-"
GSLSU,BE,GLOBAL SURFACES LIMITED,5,"-"
GUJRAFFIA,BE,GUJARAT RAFFIA INDUSTRIES LIMITED,5,"-"
GURUNANAK,SM,GURUNANAK AGRICULTURE INDIA LIMITED,5,"-"
HALDER,BE,HALDER VENTURE LIMITED,5,"-"
HALEOSLABS,BE,HALEOS LABS LIMITED,5,"-"
HARDWYN,BE,HARDWYN INDIA LIMITED,5,"-"
HBSL,BE,HB STOCKHOLDINGS LIMITED,5,"-"
HDFCLIQUID,EQ,HDFC NIFTY 1D RATE LIQUID ETF - GROWTH,5,"-"
HDIL,BZ,HOUSING DEVELOPMENT AND INFRASTRUCTURE LIMITED,5,"-"
HITECHGEAR,BE,THE HI-TECH GEARS LIMITED,5,"-"
HMT,BZ,HMT LIMITED,5,"-"
HOACFOODS,ST,HOAC FOODS INDIA LIMITED,5,"-"
HOLMARC,SM,HOLMARC OPTO-MECHATRONICS LIMITED,5,"-"
HOMESFY,SM,HOMESFY REALTY LIMITED,5,"-"
HPTL,SM,HP TELECOM INDIA LIMITED,5,"-"
HRHNEXT,SM,HRH NEXT SERVICES LIMITED,5,"-"
HVAX,SM,HVAX TECHNOLOGIES LIMITED,5,"-"
IBLFL,SM,IBL FINANCE LIMITED,5,"-"
IBULLSLTD,EQ,INDIABULLS LIMITED,5,"-"
IFBAGRO,EQ,IFB AGRO INDUSTRIES LIMITED,5,"-"
IL&FSENGG,BZ,IL&FS ENGINEERING AND CONSTRUCTION COMPANY LIMITED,5,"GSM STAGE - 0"
IL&FSTRANS,BZ,IL&FS TRANSPORTATION NETWORKS LIMITED,5,"GSM STAGE - 0"
IMPEXFERRO,BZ,IMPEX FERRO TECH LIMITED,5,"GSM STAGE - 0"
INDOTHAI,EQ,INDO THAI SECURITIES LIMITED,5,"-"
INFOMEDIA,EQ,INFOMEDIA PRESS LIMITED,5,"GSM STAGE - 0"
INTEGRITY,SM,INTEGRITY INFRABUILD DEVELOPERS LIMITED,5,"-"
ISHAN,SM,ISHAN INTERNATIONAL LIMITED,5,"-"
IWARE,ST,IWARE SUPPLYCHAIN SERVICES LIMITED,5,"-"
JAINAM,SM,JAINAM FERRO ALLOYS (I) LIMITED,5,"-"
JAKHARIA,ST,JAKHARIA FABRIC LIMITED,5,"-"
JALAN,ST,JALAN TRANSOLUTIONS (INDIA) LIMITED,5,"-"
JETFREIGHT,BE,JET FREIGHT LOGISTICS LIMITED,5,"-"
JETKNIT,ST,JET KNITWEARS LIMITED,5,"-"
JFLLIFE,SM,JFL LIFE SCIENCES LIMITED,5,"-"
JPASSOCIAT,BE,JAIPRAKASH ASSOCIATES LIMITED,5,"-"
JSWHL,EQ,JSW HOLDINGS LIMITED,5,"-"
KALYANI,BE,KALYANI COMMERCIALS LIMITED,5,"-"
KANDARP,SM,KANDARP DIGI SMART BPO LIMITED,5,"-"
KAPSTON,BE,KAPSTON SERVICES LIMITED,5,"-"
KARMAENG,EQ,KARMA ENERGY LIMITED,5,"-"
KARNIKA,ST,KARNIKA INDUSTRIES LIMITED,5,"-"
KAVDEFENCE,EQ,KAVVERI DEFENCE & WIRELESS TECHNOLOGIES LIMITED,5,"-"
KDL,ST,KORE DIGITAL LIMITED,5,"-"
KESORAMIND,BE,KESORAM INDUSTRIES LIMITED,5,"-"
KKVAPOW,SM,KKV AGRO POWERS LIMITED,5,"-"
KODYTECH,ST,KODY TECHNOLAB LIMITED,5,"-"
KORE,ST,JAY JALARAM TECHNOLOGIES LIMITED,5,"-"
KRMAYURVED,ST,KRM AYURVEDA LIMITED,5,"-"
KSR,BE,KSR FOOTWEAR LIMITED,5,"-"
LAKPRE,BZ,LAKSHMI PRECISION SCREWS LIMITED,5,"GSM STAGE - 0"
LANCORHOL,BE,LANCOR HOLDINGS LIMITED,5,"-"
LASA,EQ,LASA SUPERGENERICS LIMITED,5,"-"
LCCINFOTEC,BE,LCC INFOTECH LIMITED,5,"GSM STAGE - II"
LICNETFGSC,EQ,LIC MF - LIC MF G-SEC LT ETF - GO,5,"-"
LIQGRWBEES,EQ,NIPPON INDIA MUTUAL FUND-NIPPON INDIA NIFTY 1D RATE LIQUID ETF-GROWTH,5,"-"
LIQUID,EQ,MIRAE ASSET MUTUAL FUND - MIRAE ASSET NIFTY 1D RATE LIQUID ETF,5,"-"
LIQUID1,EQ,KOTAK MAHINDRA MUTUAL FUND - KOTAK NIFTY 1D RATE LIQUID ETF,5,"-"
LIQUIDADD,EQ,DSP BSE LIQUID RATE ETF,5,"-"
LIQUIDBEES,EQ,NIPPON INDIA ETF NIFTY 1D RATE LIQUID BEES,5,"-"
LIQUIDBETF,EQ,BAJAJ FINSERV NIFTY 1D RATE LIQUID ETF-GROWTH,5,"-"
LIQUIDCASE,EQ,ZERODHA FUND HOUSE - ZERODHA NIFTY 1D RATE LIQUID ETF,5,"-"
LIQUIDETF,EQ,DSP NIFTY 1D RATE LIQUID ETF,5,"-"
LIQUIDIETF,EQ,ICICI PRUDENTIAL BSE LIQUID RATE ETF- IDCW,5,"-"
LIQUIDPLUS,EQ,MIRAE ASSET MUTUAL FUND - MIRAE ASSET NIFTY 1D RATE LIQUID ETF-GROWTH,5,"-"
LIQUIDSBI,EQ,SBI MUTUAL FUND - SBI NIFTY 1D RATE ETF,5,"-"
LIQUIDSHRI,EQ,SHRIRAM MUTUAL FUND -SHRIRAM NIFTY 1D RATE LIQUID ETF,5,"-"
LOTUSEYE,EQ,LOTUS EYE HOSPITAL AND INSTITUTE LIMITED,5,"-"
LRRPL,SM,LEAD RECLAIM AND RUBBER PRODUCTS LIMITED,5,"-"
LTGILTBEES,EQ,NIPPON INDIA ETF NIFTY 8-13 YR G-SEC LONG TERM GILT,5,"-"
LTGILTCASE,EQ,ZERODHA FUND HOUSE - ZERODHA NIFTY 8-13 YR G-SEC ETF,5,"-"
MAANALU,BE,MAAN ALUMINIUM LIMITED,5,"-"
MADHUCON,EQ,MADHUCON PROJECTS LIMITED,5,"-"
MAGSON,SM,MAGSON RETAIL AND DISTRIBUTION LIMITED,5,"-"
MAKS,SM,MAKS ENERGY SOLUTIONS INDIA LIMITED,5,"-"
MAL,SM,MANGALAM ALLOYS LIMITED,5,"-"
MANAKALUCO,BE,MANAKSIA ALUMINIUM COMPANY LIMITED,5,"-"
MANAKSTEEL,EQ,MANAKSIA STEELS LIMITED,5,"-"
MANAV,SM,MANAV INFRA PROJECTS LIMITED,5,"-"
MANDEEP,SM,MANDEEP AUTO INDUSTRIES LIMITED,5,"-"
MANGALAM,BE,MANGALAM DRUGS AND ORGANICS LIMITED,5,"-"
MANOMAY,BE,MANOMAY TEX INDIA LIMITED,5,"-"
MARINETRAN,ST,MARINETRANS INDIA LIMITED,5,"-"
MASTER,SM,MASTER COMPONENTS LIMITED,5,"-"
MAXVOLT,ST,MAXVOLT ENERGY INDUSTRIES LIMITED,5,"-"
MCLEODRUSS,EQ,MCLEOD RUSSEL INDIA LIMITED,5,"-"
MCLOUD,EQ,MAGELLANIC CLOUD LIMITED,5,"-"
MCON,ST,MCON RASAYAN INDIA LIMITED,5,"-"
MEDIORG,SM,MEDICAMEN ORGANICS LIMITED,5,"-"
MEESHO,EQ,MEESHO LIMITED,5,"-"
MEGAFLEX,ST,MEGA FLEX PLASTICS LIMITED,5,"-"
MEGASOFT,BE,MEGASOFT LIMITED,5,"-"
MEGASTAR,BE,MEGASTAR FOODS LIMITED,5,"-"
MHHL,SM,MOHINI HEALTH & HYGIENE LIMITED,5,"-"
MICEL,EQ,MIC ELECTRONICS LIMITED,5,"-"
MILTON,ST,MILTON INDUSTRIES LIMITED,5,"-"
MINDPOOL,SM,MINDPOOL TECHNOLOGIES LIMITED,5,"-"
MIRCELECTR,EQ,MIRC ELECTRONICS LIMITED,5,"-"
MODIRUBBER,EQ,MODI RUBBER LIMITED,5,"-"
MOGSEC,EQ,MOTILAL OSWAL MUTUAL FUND - MOTILAL OSWAL 5 YEAR G SEC ETF - GROWTH,5,"-"
MONOPHARMA,SM,MONO PHARMACARE LIMITED,5,"-"
MORARJEE,BZ,MORARJEE TEXTILES LIMITED,5,"GSM STAGE - 0"
MOXSH,ST,MOXSH OVERSEAS EDUCON LIMITED,5,"-"
MPTODAY,SM,MADHYA PRADESH TODAY MEDIA LIMITED,5,"-"
MTEDUCARE,BE,MT EDUCARE LIMITED,5,"GSM STAGE - 0"
MVKAGRO,SM,M.V.K. AGRO FOOD PRODUCT LIMITED,5,"-"
NACLIND,EQ,NACL INDUSTRIES LIMITED,5,"-"
NAVKARURB,BE,NAVKAR URBANSTRUCTURE LIMITED,5,"-"
NECLIFE,BE,NECTAR LIFESCIENCES LIMITED,5,"-"
NEELAM,SM,NEELAM LINENS AND GARMENTS (INDIA) LIMITED,5,"-"
NEWJAISA,SM,NEWJAISA TECHNOLOGIES LIMITED,5,"-"
NIRMAN,SM,NIRMAN AGRI GENETICS LIMITED,5,"-"
NOIDATOLL,EQ,NOIDA TOLL BRIDGE COMPANY LIMITED,5,"GSM STAGE - 0"
NRVANDANA,ST,N R VANDANA TEX INDUSTRIES LIMITED,5,"-"
NURECA,EQ,NURECA LIMITED,5,"-"
ODIGMA,EQ,ODIGMA CONSULTANCY SOLUTIONS LIMITED,5,"-"
OMKARCHEM,BZ,OMKAR SPECIALITY CHEMICALS LIMITED,5,"GSM STAGE - 0"
ONELIFECAP,BE,ONELIFE CAPITAL ADVISORS LIMITED,5,"-"
ORICONENT,BE,ORICON ENTERPRISES LIMITED,5,"-"
ORTEL,BZ,ORTEL COMMUNICATIONS LIMITED,5,"GSM STAGE - 0"
ORTINGLOBE,BE,ORTIN GLOBAL LIMITED,5,"GSM STAGE - 0"
OSELDEVICE,ST,OSEL DEVICES LIMITED,5,"-"
OSIAHYPER,EQ,OSIA HYPER RETAIL LIMITED,5,"-"
OSWALSEEDS,EQ,SHREEOSWAL SEEDS AND CHEMICALS LIMITED,5,"-"
OWAIS,SM,OWAIS METAL AND MINERAL PROCESSING LIMITED,5,"-"
PALREDTEC,EQ,PALRED TECHNOLOGIES LIMITED,5,"-"
PANACHE,EQ,PANACHE DIGILIFE LIMITED,5,"-"
PANSARI,BE,PANSARI DEVELOPERS LIMITED,5,"-"
PARAMPARA,SM,PARAMPARA DAIRY DELIGHTS LIMITED,5,"-"
PARASPETRO,BE,PARAS PETROFILS LIMITED,5,"-"
PARIN,SM,PARIN ENTERPRISES LIMITED,5,"-"
PATTECH,SM,PATTECH FITWELL TUBE COMPONENTS LIMITED,5,"-"
PERFECT,SZ,PERFECT INFRAENGINEERS LIMITED,5,"GSM STAGE - 0"
PIGL,EQ,POWER & INSTRUMENTATION (GUJARAT) LIMITED,5,"-"
PKTEA,EQ,THE PERIA KARAMALAI TEA & PRODUCE COMPANY LIMITED,5,"-"
PLADAINFO,SM,PLADA INFOTECH SERVICES LIMITED,5,"-"
POLYSIL,ST,POLYSIL IRRIGATION SYSTEMS LIMITED,5,"-"
PRAENG,EQ,PRAJAY ENGINEERS SYNDICATE LIMITED,5,"-"
PRAKASHSTL,BE,PRAKASH STEELAGE LIMITED,5,"GSM STAGE - 0"
PRAXIS,EQ,PRAXIS HOME RETAIL LIMITED,5,"-"
PRECISION,SM,PRECISION METALIKS LIMITED,5,"-"
PREMIER,BE,PREMIER LIMITED,5,"GSM STAGE - 0"
PROLIFE,SM,PROLIFE INDUSTRIES LIMITED,5,"-"
PROZONER,BE,PROZONE REALTY LIMITED,5,"-"
PRUDMOULI,EQ,PRUDENTIAL SUGAR CORPORATION LIMITED,5,"-"
PSRAJ,ST,P S RAJ STEELS LIMITED,5,"-"
PULZ,SM,PULZ ELECTRONICS LIMITED,5,"-"
PURPLEUTED,SM,PURPLE UNITED SALES LIMITED,5,"-"
QFIL,SM,QUALITY FOILS (INDIA) LIMITED,5,"-"
QUADPRO,SM,QUADPRO ITES LIMITED,5,"-"
QUICKTOUCH,SM,QUICKTOUCH TECHNOLOGIES LIMITED,5,"-"
QVCEL,SM,QVC EXPORTS LIMITED,5,"-"
RAJESHEXPO,BZ,RAJESH EXPORTS LIMITED,5,"-"
RCOM,BE,RELIANCE COMMUNICATIONS LIMITED,5,"-"
RELIABLE,BE,RELIABLE DATA SERVICES LIMITED,5,"-"
RELINFRA,BE,RELIANCE INFRASTRUCTURE LIMITED,5,"-"
REXPIPES,SM,REX PIPES AND CABLES INDUSTRIES LIMITED,5,"-"
REXPRO,SM,REXPRO ENTERPRISES LIMITED,5,"-"
RHFL,BZ,RELIANCE HOME FINANCE LIMITED,5,"-"
RICHA,ST,RICHA INFO SYSTEMS LIMITED,5,"-"
RITEZONE,SM,RITE ZONE CHEMCON INDIA LIMITED,5,"-"
RNPL,ST,RENOL POLYCHEM LIMITED,5,"-"
ROCKINGDCE,ST,ROCKINGDEALS CIRCULAR ECONOMY LIMITED,5,"-"
ROCKPP,X1,ROCKINGDEALS CIRCULAR ECONOMY LIMITED,5,"-"
ROLLT,BE,ROLLATAINERS LIMITED,5,"GSM STAGE - 0"
S&SPOWER,EQ,S&S POWER SWITCHGEARS LIMITED,5,"-"
SABAR,ST,SABAR FLEX INDIA LIMITED,5,"-"
SABTNL,BE,SRI ADHIKARI BROTHERS TELEVISION NETWORK LIMITED,5,"-"
SACHEEROME,ST,SACHEEROME LIMITED,5,"-"
SADBHAV,BE,SADBHAV ENGINEERING LIMITED,5,"GSM STAGE - II"
SAIFL,SM,SAMEERA AGRO AND INFRA LIMITED,5,"-"
SALSTEEL,BE,S.A.L. STEEL LIMITED,5,"-"
SAMBHAAV,BE,SAMBHAAV MEDIA LIMITED,5,"-"
SANGANI,SM,SANGANI HOSPITALS LIMITED,5,"-"
SATECH,ST,S A TECH SOFTWARE INDIA LIMITED,5,"-"
SATIPOLY,SM,SATI POLY PLAST LIMITED,5,"-"
SBILIQETF,EQ,SBI MUTUAL FUND - SBI NIFTY 1D RATE LIQUID ETF - GROWTH,5,"-"
SCML,SM,SHARP CHUCKS AND MACHINES LIMITED,5,"-"
SECURKLOUD,BE,SECUREKLOUD TECHNOLOGIES LIMITED,5,"GSM STAGE - 0"
SEJALLTD,EQ,SEJAL GLASS LIMITED,5,"-"
SELMC,BE,SEL MANUFACTURING COMPANY LIMITED,5,"-"
SETCO,EQ,SETCO AUTOMOTIVE LIMITED,5,"-"
SETF10GILT,EQ,SBI MUTUAL FUND - SBI-ETF 10 YEAR GILT,5,"-"
SETUINFRA,BZ,SETUBANDHAN INFRASTRUCTURE LIMITED,5,"GSM STAGE - 0"
SEYAIND,BE,SEYA INDUSTRIES LIMITED,5,"-"
SHAHALLOYS,EQ,SHAH ALLOYS LIMITED,5,"-"
SHAIVAL,ST,SHAIVAL REALITY LIMITED,5,"-"
SHANTHALA,ST,SHANTHALA FMCG PRODUCTS LIMITED,5,"-"
SHEETAL,ST,SHEETAL UNIVERSAL LIMITED,5,"-"
SHRENIK,BZ,SHRENIK LIMITED,5,"GSM STAGE - 0"
SHRIKANHA,SM,SHRI KANHA STAINLESS LIMITED,5,"-"
SHUBHLAXMI,ST,SHUBHLAXMI JEWEL ART LIMITED,5,"-"
SHYAMCENT,BE,SHYAM CENTURY FERROUS LIMITED,5,"-"
SICALLOG,BE,SICAL LOGISTICS LIMITED,5,"-"
SIDDHIKA,SM,SIDDHIKA COATINGS LIMITED,5,"-"
SIGNORIA,SM,SIGNORIA CREATION LIMITED,5,"-"
SILKFLEX,SM,SILKFLEX POLYMERS (INDIA) LIMITED,5,"-"
SILLYMONKS,BE,SILLY MONKS ENTERTAINMENT LIMITED,5,"-"
SILVERTUC,EQ,SILVER TOUCH TECHNOLOGIES LIMITED,5,"-"
SIMBHALS,BZ,SIMBHAOLI SUGARS LIMITED,5,"-"
SMLMAH,EQ,SML MAHINDRA LIMITED,5,"-"
SMVD,ST,SMVD POLY PACK LIMITED,5,"-"
SOCL,SM,SUNDREX OIL COMPANY LIMITED,5,"-"
SOTAC,SM,SOTAC PHARMACEUTICALS LIMITED,5,"-"
SOUTHWEST,BE,SOUTH WEST PINNACLE EXPLORATION LIMITED,5,"-"
SPCENET,EQ,SPACENET ENTERPRISES INDIA LIMITED,5,"-"
SPCL,SM,SHIVALIC POWER CONTROL LIMITED,5,"-"
SPECTSTM,SM,SPECTRUM TALENT MANAGEMENT LIMITED,5,"-"
SPPPOLY,SM,SPP POLYMER LIMITED,5,"-"
SPRL,SM,SP REFRACTORIES LIMITED,5,"-"
STALLION,EQ,STALLION INDIA FLUOROCHEMICALS LIMITED,5,"-"
SUNLITE,ST,SUNLITE RECYCLING INDUSTRIES LIMITED,5,"-"
SUPREMEINF,BZ,SUPREME INFRASTRUCTURE INDIA LIMITED,5,"-"
SVLL,EQ,SHREE VASU LOGISTICS LIMITED,5,"-"
SVPGLOB,BE,SVP GLOBAL TEXTILES LIMITED,5,"-"
SWARAJ,ST,SWARAJ SUITING LIMITED,5,"-"
SYNOPTICS,SM,SYNOPTICS TECHNOLOGIES LIMITED,5,"-"
SYSTANGO,ST,SYSTANGO TECHNOLOGIES LIMITED,5,"-"
TAKE,BE,TAKE SOLUTIONS LIMITED,5,"-"
TANKUP,ST,TANKUP ENGINEERS LIMITED,5,"-"
TARAPUR,EQ,TARAPUR TRANSFORMERS LIMITED,5,"-"
TCIFINANCE,BE,TCI FINANCE LIMITED,5,"-"
TECHERA,SM,TECHERA ENGINEERING (INDIA) LIMITED,5,"-"
TECHLABS,SM,TRIDENT TECHLABS LIMITED,5,"-"
TEJASCARGO,SM,TEJAS CARGO INDIA LIMITED,5,"-"
TEMBO,EQ,TEMBO GLOBAL INDUSTRIES LIMITED,5,"-"
TERASOFT,EQ,TERA SOFTWARE LIMITED,5,"-"
TGL,ST,TEERTH GOPICON LIMITED,5,"-"
THESL,SM,THINKING HATS ENTERTAINMENT SOLUTIONS LIMITED,5,"-"
TICL,BE,TWAMEV CONSTRUCTION AND INFRASTRUCTURE LIMITED,5,"-"
TIMESCAN,SM,TIMESCAN LOGISTICS (INDIA) LIMITED,5,"-"
TIRUPATI,SM,SHREE TIRUPATI BALAJEE FIBC LIMITED,5,"-"
TNTELE,EQ,TAMILNADU TELECOMMUNICATION LIMITED,5,"GSM STAGE - 0"
TPHQ,EQ,TEAMO PRODUCTIONS HQ LIMITED,5,"-"
TRANSWIND,ST,TRANSWIND INFRASTRUCTURES LIMITED,5,"-"
TREJHARA,BE,TREJHARA SOLUTIONS LIMITED,5,"-"
TRU,EQ,TRUCAP FINANCE LIMITED,5,"-"
TVSELECT,BE,TVS ELECTRONICS LIMITED,5,"-"
TVVISION,BE,TV VISION LIMITED,5,"-"
UEL,EQ,UJAAS ENERGY LIMITED,5,"-"
UNIHEALTH,ST,UNIHEALTH HOSPITALS LIMITED,5,"-"
UNITEDPOLY,BE,UNITED POLYFAB GUJARAT LIMITED,5,"-"
URAVIDEF,EQ,URAVI DEFENCE AND TECHNOLOGY LIMITED,5,"-"
USASEEDS,SM,UPSURGE SEEDS OF AGRICULTURE LIMITED,5,"-"
UWCSL,SM,ULTRA WIRING CONNECTIVITY SYSTEM LIMITED,5,"-"
UYFINCORP,BE,U. Y. FINCORP LIMITED,5,"-"
VASA,SM,VASA RETAIL AND OVERSEAS LTD,5,"-"
VCL,BE,VAXTEX COTFAB LIMITED,5,"-"
VEEKAYEM,SM,VEEKAYEM FASHION AND APPARELS LIMITED,5,"-"
VELS,SM,VELS FILM INTERNATIONAL LIMITED,5,"-"
VENUSREM,BE,VENUS REMEDIES LIMITED,5,"-"
VERA,SM,VERA SYNTHETIC LIMITED,5,"-"
VERITAAS,SM,VERITAAS ADVERTISING LIMITED,5,"-"
VHLTD,BE,VICEROY HOTELS LIMITED,5,"-"
VIAZ,SM,VIAZ TYRES LIMITED,5,"-"
VIESL,ST,VISION INFRA EQUIPMENT SOLUTIONS LIMITED,5,"-"
VIJIFIN,EQ,VIJI FINANCE LIMITED,5,"-"
VILINBIO,ST,VILIN BIO MED LIMITED,5,"-"
VIRINCHI,EQ,VIRINCHI LIMITED,5,"-"
VISAMAN,ST,VISAMAN GLOBAL SALES LIMITED,5,"-"
VISASTEEL,EQ,VISA STEEL LIMITED,5,"-"
VITAL,SM,VITAL CHEMTECH LIMITED,5,"-"
VIVIMEDLAB,EQ,VIVIMED LABS LIMITED,5,"-"
VIVO,SM,VIVO COLLABORATION SOLUTIONS LIMITED,5,"-"
VOLERCAR,SM,VOLER CAR LIMITED,5,"-"
VR,SM,V R INFRASPACE LIMITED,5,"-"
VSCL,ST,VADIVARHE SPECIALITY CHEMICALS LIMITED,5,"-"
WAAREEINDO,BE,INDOSOLAR LIMITED,5,"-"
WALPAR,SM,WALPAR NUTRITIONS LIMITED,5,"-"
WEWIN,EQ,WE WIN LIMITED,5,"-"
WOL3D,ST,WOL 3D INDIA LIMITED,5,"-"
YUDIZ,SM,YUDIZ SOLUTIONS LIMITED,5,"-"
ZENITHEXPO,EQ,ZENITH EXPORTS LIMITED,5,"-"
ZENITHSTL,EQ,ZENITH STEEL PIPES & INDUSTRIES LIMITED,5,"-"
AADHARHFC,EQ,AADHAR HOUSING FINANCE LIMITED,10,"-"
ABDL,EQ,ALLIED BLENDERS AND DISTILLERS LIMITED,10,"-"
ABMINTLLTD,EQ,ABM INTERNATIONAL LIMITED,10,"-"
ACL,EQ,ANDHRA CEMENTS LIMITED,10,"-"
ACMESOLAR,EQ,ACME SOLAR HOLDINGS LIMITED,10,"-"
AEGISVOPAK,EQ,AEGIS VOPAK TERMINALS LIMITED,10,"-"
AESTHETIK,SM,AESTHETIK ENGINEERS LIMITED,10,"-"
AGNI,SM,AGNI GREEN POWER LIMITED,10,"-"
AJAXENGG,EQ,AJAX ENGINEERING LIMITED,10,"-"
AKI,EQ,AKI INDIA LIMITED,10,"-"
AKSHAR,EQ,AKSHAR SPINTEX LIMITED,10,"-"
AKUMS,EQ,AKUMS DRUGS AND PHARMACEUTICALS LIMITED,10,"-"
ANIKINDS,EQ,ANIK INDUSTRIES LIMITED,10,"-"
ANTELOPUS,EQ,ANTELOPUS SELAN ENERGY LIMITED,10,"-"
ASKAUTOLTD,EQ,ASK AUTOMOTIVE LIMITED,10,"-"
ASMS,EQ,BARTRONICS INDIA LIMITED,10,"-"
ASTEC,EQ,ASTEC LIFESCIENCES LIMITED,10,"-"
ATLANTAA,EQ,ATLANTAA LIMITED,10,"-"
ATLANTAELE,EQ,ATLANTA ELECTRICALS LIMITED,10,"-"
BAJAJHFL,EQ,BAJAJ HOUSING FINANCE LIMITED,10,"-"
BALAJIPHOS,SM,BALAJI PHOSPHATES LIMITED,10,"-"
BALUFORGE,EQ,BALU FORGE INDUSTRIES LIMITED,10,"-"
BANSALWIRE,EQ,BANSAL WIRE INDUSTRIES LIMITED,10,"-"
BBOX,EQ,BLACK BOX LIMITED,10,"-"
BHARATSE,EQ,BHARAT SEATS LIMITED,10,"-"
BIOFILCHEM,EQ,BIOFIL CHEMICALS & PHARMACEUTICALS LIMITED,10,"-"
BLUEJET,EQ,BLUE JET HEALTHCARE LIMITED,10,"-"
BOSCH-HCIL,EQ,BOSCH HOME COMFORT INDIA LIMITED,10,"-"
BVCL,EQ,BARAK VALLEY CEMENTS LIMITED,10,"-"
CEIGALL,EQ,CEIGALL INDIA LIMITED,10,"-"
CENTEXT,EQ,CENTURY EXTRUSIONS LIMITED,10,"-"
CHAVDA,SM,CHAVDA INFRA LIMITED,10,"-"
CLEDUCATE,EQ,CL EDUCATE LIMITED,10,"-"
COOLCAPS,SM,COOL CAPS INDUSTRIES LIMITED,10,"-"
CPPLUS,EQ,ADITYA INFOTECH LIMITED,10,"-"
CRIZAC,EQ,CRIZAC LIMITED,10,"-"
CYBERTECH,EQ,CYBERTECH SYSTEMS AND SOFTWARE LIMITED,10,"-"
DELTAMAGNT,EQ,DELTA MANUFACTURING LIMITED,10,"-"
DIACABS,EQ,DIAMOND POWER INFRASTRUCTURE LIMITED,10,"-"
E2E,EQ,E2E NETWORKS LIMITED,10,"-"
EBGNG,EQ,GNG ELECTRONICS LIMITED,10,"-"
ELGIRUBCO,EQ,ELGI RUBBER COMPANY LIMITED,10,"-"
ELLEN,EQ,ELLENBARRIE INDUSTRIAL GASES LIMITED,10,"-"
EMAMIREAL,EQ,EMAMI REALTY LIMITED,10,"GSM STAGE - 0"
EMCURE,EQ,EMCURE PHARMACEUTICALS LIMITED,10,"-"
EMKAY,EQ,EMKAY GLOBAL FINANCIAL SERVICES LIMITED,10,"-"
EMMVEE,EQ,EMMVEE PHOTOVOLTAIC POWER LIMITED,10,"-"
ESPRIT,SM,ESPRIT STONES LIMITED,10,"-"
FLAIR,EQ,FLAIR WRITING INDUSTRIES LIMITED,10,"-"
GATECH,EQ,GACM TECHNOLOGIES LIMITED,10,"-"
GATECHDVR,EQ,GACM TECHNOLOGIES LIMITED,10,"-"
GCHOTELS,SM,GRAND CONTINENT HOTELS LIMITED,10,"-"
GMBREW,EQ,GM BREWERIES LIMITED,10,"-"
GOLDKART,SM,GOLDKART JEWELS LIMITED,10,"-"
GOPAL,EQ,GOPAL SNACKS LIMITED,10,"-"
GSMFOILS,SM,GSM FOILS LIMITED,10,"-"
HAPPYFORGE,EQ,HAPPY FORGINGS LIMITED,10,"-"
HEXATRADEX,EQ,HEXA TRADEX LIMITED,10,"-"
HGM,EQ,HANDSON GLOBAL MANAGEMENT (HGM) LIMITED,10,"-"
HIRECT,EQ,HIND RECTIFIERS LIMITED,10,"-"
HMAAGRO,EQ,HMA AGRO INDUSTRIES LIMITED,10,"-"
HYBRIDFIN,EQ,HYBRID FINANCIAL SERVICES LIMITED,10,"-"
HYUNDAI,EQ,HYUNDAI MOTOR INDIA LIMITED,10,"-"
ICDSLTD,EQ,ICDS LIMITED,10,"-"
ICICIAMC,EQ,ICICI PRUDENTIAL ASSET MANAGEMENT COMPANY LIMITED,10,"-"
IDENTICAL,SM,IDENTICAL BRAINS STUDIOS LIMITED,10,"-"
IGIL,EQ,INTERNATIONAL GEMMOLOGICAL INSTITUTE (INDIA) LIMITED,10,"-"
INDIACEM,EQ,THE INDIA CEMENTS LIMITED,10,"-"
INDIFRA,SM,INDIFRA LIMITED,10,"-"
INFINIUM,SM,INFINIUM PHARMACHEM LIMITED,10,"-"
INNOMET,SM,INNOMET ADVANCED MATERIALS LIMITED,10,"-"
INTENTECH,EQ,INTENSE TECHNOLOGIES LIMITED,10,"-"
IPHL,SM,INDIAN PHOSPHATE LIMITED,10,"-"
ISHANCH,EQ,ISHAN DYES AND CHEMICALS LIMITED,10,"-"
IZMO,EQ,IZMO LIMITED,10,"-"
JAINIK,SM,JAINIK POWER CABLES LIMITED,10,"-"
JAIPURKURT,EQ,NANDANI CREATION LIMITED,10,"-"
JAYNECOIND,EQ,JAYASWAL NECO INDUSTRIES LIMITED,10,"-"
JEYYAM,SM,JEYYAM GLOBAL FOODS LIMITED,10,"-"
JITFINFRA,EQ,JITF INFRALOGISTICS LIMITED,10,"-"
JSWINFRA,EQ,JSW INFRASTRUCTURE LIMITED,10,"-"
JTLIND,EQ,JTL INDUSTRIES LIMITED,10,"-"
JUNIPER,EQ,JUNIPER HOTELS LIMITED,10,"-"
K2INFRA,SM,K2 INFRAGEN LIMITED,10,"-"
KALPATARU,EQ,KALPATARU LIMITED,10,"-"
KAUSHALYA,EQ,KAUSHALYA INFRASTRUCTURE DEVELOPMENT CORPORATION LIMITED,10,"-"
KAYA,EQ,KAYA LIMITED,10,"-"
KCEIL,SM,KAY CEE ENERGY & INFRA LIMITED,10,"-"
KINGFA,EQ,KINGFA SCIENCE & TECHNOLOGY (INDIA) LIMITED,10,"-"
KIOCL,EQ,KIOCL LIMITED,10,"-"
KONSTELEC,SM,KONSTELEC ENGINEERS LIMITED,10,"-"
KOTYARK,SM,KOTYARK INDUSTRIES LIMITED,10,"-"
KRISHIVAL,EQ,KRISHIVAL FOODS LIMITED,10,"-"
KRISHPP,E1,KRISHIVAL FOODS LIMITED,10,"-"
LATTEYS,EQ,LATTEYS INDUSTRIES LIMITED,10,"-"
LEXUS,EQ,LEXUS GRANITO (INDIA) LIMITED,10,"-"
LGEINDIA,EQ,LG ELECTRONICS INDIA LIMITED,10,"-"
LGHL,EQ,LAXMI GOLDORNA HOUSE LIMITED,10,"-"
LOTUSDEV,EQ,SRI LOTUS DEVELOPERS AND REALTY LIMITED,10,"-"
LOYALTEX,EQ,LOYAL TEXTILE MILLS LIMITED,10,"-"
LYPSAGEMS,EQ,LYPSA GEMS & JEWELLERY LIMITED,10,"-"
MAHAPEXLTD,EQ,MAHA RASHTRA APEX CORPORATION LIMITED,10,"-"
MANUGRAPH,EQ,MANUGRAPH INDIA LIMITED,10,"-"
MASKINVEST,EQ,MASK INVESTMENTS LIMITED,10,"-"
MEDICO,EQ,MEDICO REMEDIES LIMITED,10,"-"
MGSL,SM,MATRIX GEO SOLUTIONS LIMITED,10,"-"
MIDWESTLTD,EQ,MIDWEST LIMITED,10,"-"
MIEL,SM,MANGLAM INFRA & ENGINEERING LIMITED,10,"-"
MODTHREAD,EQ,MODERN THREADS (INDIA) LIMITED,10,"-"
MOHITIND,EQ,MOHIT INDUSTRIES LIMITED,10,"-"
MONOLITH,SM,MONOLITHISCH INDIA LIMITED,10,"-"
MOSCHIP,EQ,MOSCHIP TECHNOLOGIES LIMITED,10,"-"
MSPL,EQ,MSP STEEL & POWER LIMITED,10,"-"
MYMUDRA,SM,MY MUDRA FINCORP LIMITED,10,"-"
NAGREEKEXP,EQ,NAGREEKA EXPORTS LIMITED,10,"-"
NAMAN,SM,NAMAN INDUSTRIES PROXIMA LIMITED,10,"-"
NATCAPSUQ,EQ,NATURAL CAPSULES LIMITED,10,"-"
NDLVENTURE,EQ,NDL VENTURES LIMITED,10,"-"
NIBE,EQ,NIBE LIMITED,10,"-"
NILASPACES,EQ,NILA SPACES LIMITED,10,"-"
NIRAJISPAT,EQ,NIRAJ ISPAT INDUSTRIES LIMITED,10,"-"
NKIND,EQ,NK INDUSTRIES LIMITED,10,"-"
OLAELEC,EQ,OLA ELECTRIC MOBILITY LIMITED,10,"-"
ONESOURCE,EQ,ONESOURCE SPECIALTY PHARMA LIMITED,10,"-"
ORCHASP,EQ,ORCHASP LIMITED,10,"-"
ORIENTTECH,EQ,ORIENT TECHNOLOGIES LIMITED,10,"-"
OSWALPUMPS,EQ,OSWAL PUMPS LIMITED,10,"-"
PARKHOSPS,EQ,PARK MEDI WORLD LIMITED,10,"-"
PARTH,SM,PARTH ELECTRICALS & ENGINEERING LIMITED,10,"-"
PNC,EQ,PRITISH NANDY COMMUNICATIONS LIMITED,10,"-"
PNGJL,EQ,P N GADGIL JEWELLERS LIMITED,10,"-"
POSITRON,SM,POSITRON ENERGY LIMITED,10,"-"
PRABHA,EQ,PRABHA ENERGY LIMITED,10,"-"
PRIZOR,SM,PRIZOR VIZTECH LIMITED,10,"-"
PURVFLEXI,SM,PURV FLEXIPACK LIMITED,10,"-"
PVP,EQ,PVP VENTURES LIMITED,10,"-"
REFRACTORY,SM,REFRACTORY SHAPES LIMITED,10,"-"
RSSOFTWARE,EQ,R. S. SOFTWARE (INDIA) LIMITED,10,"-"
RVTH,EQ,REVATHI EQUIPMENT INDIA LIMITED,10,"-"
SAATVIKGL,EQ,SAATVIK GREEN ENERGY LIMITED,10,"-"
SADBHIN,EQ,SADBHAV INFRASTRUCTURE PROJECT LIMITED,10,"GSM STAGE - 0"
SADHNANIQ,EQ,SADHANA NITROCHEM LIMITED,10,"-"
SAFEENTP,SM,SAFE ENTERPRISES RETAIL FIXTURES LIMITED,10,"-"
SAMAY,SM,SAMAY PROJECT SERVICES LIMITED,10,"-"
SANATHAN,EQ,SANATHAN TEXTILES LIMITED,10,"-"
SAROJA,SM,SAROJA PHARMA INDUSTRIES INDIA LIMITED,10,"-"
SCPL,EQ,SHEETAL COOL PRODUCTS LIMITED,10,"-"
SEMAC,EQ,SEMAC CONSTRUCTION LIMITED,10,"-"
SERVOTECH,EQ,SERVOTECH RENEWABLE POWER SYSTEM LIMITED,10,"-"
SHAREINDIA,EQ,SHARE INDIA SECURITIES LIMITED,10,"-"
SHIVAUM,EQ,SHIV AUM STEELS LIMITED,10,"-"
SHREEJISPG,EQ,SHREEJI SHIPPING GLOBAL LIMITED,10,"-"
SHREERAMA,EQ,SHREE RAMA MULTI-TECH LIMITED,10,"-"
SIDDHICOTS,SM,SIDDHI COTSPIN LIMITED,10,"-"
SIKKO,EQ,SIKKO INDUSTRIES LIMITED,10,"-"
SILGO,EQ,SILGO RETAIL LIMITED,10,"-"
SLONE,SM,SLONE INFOSYSTEMS LIMITED,10,"-"
SONUINFRA,SM,SONU INFRATECH LIMITED,10,"-"
STYL,EQ,SESHAASAI TECHNOLOGIES LIMITED,10,"-"
STYLEBAAZA,EQ,BAAZAR STYLE RETAIL LIMITED,10,"-"
SUDEEPPHRM,EQ,SUDEEP PHARMA LIMITED,10,"-"
SUMEETINDS,EQ,SUMEET INDUSTRIES LIMITED,10,"-"
SYSTMTXC,EQ,SYSTEMATIX CORPORATE SERVICES LIMITED,10,"-"
TAC,SM,TAC INFOSEC LIMITED,10,"-"
TAPIFRUIT,SM,TAPI FRUIT PROCESSING LIMITED,10,"-"
TATACAP,EQ,TATA CAPITAL LIMITED,10,"-"
TECILCHEM,EQ,TECIL CHEMICALS AND HYDRO POWER LIMITED,10,"GSM STAGE - 0"
THANGAMAYL,EQ,THANGAMAYIL JEWELLERY LIMITED,10,"-"
THELEELA,EQ,LEELA PALACES HOTELS & RESORTS LIMITED,10,"-"
TRAVELFOOD,EQ,TRAVEL FOOD SERVICES LIMITED,10,"-"
TRIGYN,EQ,TRIGYN TECHNOLOGIES LIMITED,10,"-"
TUNWAL,SM,TUNWAL E-MOTORS LIMITED,10,"-"
UFBL,EQ,UNITED FOODBRANDS LIMITED,10,"-"
UNIMECH,EQ,UNIMECH AEROSPACE AND MANUFACTURING LIMITED,10,"-"
UNITECH,EQ,UNITECH LIMITED,10,"-"
UTLSOLAR,EQ,FUJIYAMA POWER SYSTEMS LIMITED,10,"-"
V2RETAIL,EQ,V2 RETAIL LIMITED,10,"-"
VENTIVE,EQ,VENTIVE HOSPITALITY LIMITED,10,"-"
VERTEXPLUS,SM,VERTEXPLUS TECHNOLOGIES LIMITED,10,"-"
VGL,EQ,VARVEE GLOBAL LIMITED,10,"-"
VLEGOV,EQ,VL E GOVERNANCE & IT SOLUTIONS LIMITED,10,"-"
ZODIAC,EQ,ZODIAC ENERGY LIMITED,10,"-"
20MICRONS,EQ,20 MICRONS LIMITED,20,"-"
3IINFOLTD,EQ,3I INFOTECH LIMITED,20,"-"
3MINDIA,EQ,3M INDIA LIMITED,20,"-"
3PLAND,EQ,3P LAND HOLDINGS LIMITED,20,"-"
5PAISA,EQ,5PAISA CAPITAL LIMITED,20,"-"
63MOONS,EQ,63 MOONS TECHNOLOGIES LIMITED,20,"-"
AAKAAR,SM,AAKAAR MEDICAL TECHNOLOGIES LIMITED,20,"-"
AAKASH,EQ,AAKASH EXPLORATION SERVICES LIMITED,20,"-"
AARADHYA,SM,AARADHYA DISPOSAL INDUSTRIES LIMITED,20,"-"
AARON,EQ,AARON INDUSTRIES LIMITED,20,"-"
AARTECH,EQ,AARTECH SOLONICS LIMITED,20,"-"
AARTIDRUGS,EQ,AARTI DRUGS LIMITED,20,"-"
AARTIIND,EQ,AARTI INDUSTRIES LIMITED,20,"-"
AARTIPHARM,EQ,AARTI PHARMALABS LIMITED,20,"-"
AARTISURF,EQ,AARTI SURFACTANTS LIMITED,20,"-"
AARVI,EQ,AARVI ENCON LIMITED,20,"-"
AATMAJ,SM,AATMAJ HEALTHCARE LIMITED,20,"-"
AAVAS,EQ,AAVAS FINANCIERS LIMITED,20,"-"
ABBOTINDIA,EQ,ABBOTT INDIA LIMITED,20,"-"
ABCOTS,EQ,A B COTSPIN INDIA LIMITED,20,"-"
ABFRL,EQ,ADITYA BIRLA FASHION AND RETAIL LIMITED,20,"-"
ABGSEC,EQ,ADITYABIRLASUNLIFEMF-ADITYA BIRLA SUN LIFE CRISIL BROAD BASED GILT ETF,20,"-"
ABHAPOWER,SM,ABHA POWER AND STEEL LIMITED,20,"-"
ABLBL,EQ,ADITYA BIRLA LIFESTYLE BRANDS LIMITED,20,"-"
ABNINT,IT,A B N INTERCORP LIMITED,20,"-"
ABREL,EQ,ADITYA BIRLA REAL ESTATE LIMITED,20,"-"
ABSLAMC,EQ,ADITYA BIRLA SUN LIFE AMC LIMITED,20,"-"
ABSLBANETF,EQ,ADITYA BIRLA SUN LIFE NIFTY BANK ETF,20,"-"
ABSLNN50ET,EQ,ADITYA BIRLA SUN LIFE NIFTY NEXT 50 ETF,20,"-"
ABSLPSE,EQ,ADITYA BIRLA SUN LIFE MUTUAL FUND-ADITYA BIRLA SUN LIFE NIFTY PSE ETF,20,"-"
ABSMARINE,SM,ABS MARINE SERVICES LIMITED,20,"-"
ACC,EQ,ACC LIMITED,20,"-"
ACCELYA,EQ,ACCELYA SOLUTIONS INDIA LIMITED,20,"-"
ACCENTMIC,SM,ACCENT MICROCELL LIMITED,20,"-"
ACCURACY,EQ,ACCURACY SHIPPING LIMITED,20,"-"
ACE,EQ,ACTION CONSTRUCTION EQUIPMENT LIMITED,20,"-"
ACEINTEG,EQ,ACE INTEGRATED SOLUTIONS LIMITED,20,"-"
ACI,EQ,ARCHEAN CHEMICAL INDUSTRIES LIMITED,20,"-"
ACTIVEINFR,SM,ACTIVE INFRASTRUCTURES LIMITED,20,"-"
ACUTAAS,EQ,ACUTAAS CHEMICALS LIMITED,20,"-"
ADANIPOWER,EQ,ADANI POWER LIMITED,20,"-"
ADDICTIVE,SM,ADDICTIVE LEARNING TECHNOLOGY LIMITED,20,"-"
ADFFOODS,EQ,ADF FOODS LIMITED,20,"-"
ADL,EQ,ARCHIDPLY DECOR LIMITED,20,"-"
ADOR,EQ,ADOR WELDING LIMITED,20,"-"
ADROITINFO,EQ,ADROIT INFOTECH LIMITED,20,"-"
ADSL,EQ,ALLIED DIGITAL SERVICES LIMITED,20,"-"
ADVAIT,EQ,ADVAIT ENERGY TRANSITIONS LIMITED,20,"-"
ADVANCE,EQ,ADVANCE AGROLIFE LIMITED,20,"-"
ADVANIHOTR,EQ,ADVANI HOTELS & RESORTS (INDIA) LIMITED,20,"-"
ADVENTHTL,EQ,ADVENT HOTELS INTERNATIONAL LIMITED,20,"-"
ADVENZYMES,EQ,ADVANCED ENZYME TECHNOLOGIES LIMITED,20,"-"
AEGISLOG,EQ,AEGIS LOGISTICS LIMITED,20,"-"
AEQUS,EQ,AEQUS LIMITED,20,"-"
AEROENTER,EQ,AEROFLEX ENTERPRISES LIMITED,20,"-"
AEROFLEX,EQ,AEROFLEX INDUSTRIES LIMITED,20,"-"
AERON,SM,AERON COMPOSITE LIMITED,20,"-"
AERONEU,EQ,AEROFLEX NEU LIMITED,20,"-"
AETHER,EQ,AETHER INDUSTRIES LIMITED,20,"-"
AFCONS,EQ,AFCONS INFRASTRUCTURE LIMITED,20,"-"
AFFLE,EQ,AFFLE 3I LIMITED,20,"-"
AFFORDABLE,EQ,AFFORDABLE ROBOTIC & AUTOMATION LIMITED,20,"-"
AFIL,EQ,AKME FINTRADE (INDIA) LIMITED,20,"-"
AFSL,EQ,ABANS FINANCIAL SERVICES LIMITED,20,"-"
AGARIND,EQ,AGARWAL INDUSTRIAL CORPORATION LIMITED,20,"-"
AGARWALEYE,EQ,DR. AGARWAL'S HEALTH CARE LIMITED,20,"-"
AGARWALTUF,SM,AGARWAL TOUGHENED GLASS INDIA LIMITED,20,"-"
AGI,EQ,AGI GREENPAC LIMITED,20,"-"
AGIIL,EQ,AGI INFRA LIMITED,20,"-"
AGROPHOS,EQ,AGRO PHOS INDIA LIMITED,20,"-"
AHCL,EQ,ANLON HEALTHCARE LIMITED,20,"-"
AHLADA,EQ,AHLADA ENGINEERS LIMITED,20,"-"
AHLEAST,EQ,ASIAN HOTELS (EAST) LIMITED,20,"-"
AHLUCONT,EQ,AHLUWALIA CONTRACTS (INDIA) LIMITED,20,"-"
AIAENG,EQ,AIA ENGINEERING LIMITED,20,"-"
AIIL,EQ,AUTHUM INVESTMENT & INFRASTRUCTURE LIMITED,20,"-"
AIRAN,EQ,AIRAN LIMITED,20,"-"
AIROLAM,EQ,AIRO LAM LIMITED,20,"-"
AJANTPHARM,EQ,AJANTA PHARMA LIMITED,20,"-"
AJMERA,EQ,AJMERA REALTY & INFRA INDIA LIMITED,20,"-"
AJOONI,EQ,AJOONI BIOTECH LIMITED,20,"-"
AKANKSHA,SM,AKANKSHA POWER AND INFRASTRUCTURE LIMITED,20,"-"
AKASH,EQ,AKASH INFRA PROJECTS LIMITED,20,"-"
AKG,EQ,AKG EXIM LIMITED,20,"-"
AKSHARCHEM,EQ,AKSHARCHEM INDIA LIMITED,20,"-"
AKSHOPTFBR,EQ,AKSH OPTIFIBRE LIMITED,20,"-"
AKZOINDIA,EQ,AKZO NOBEL INDIA LIMITED,20,"-"
ALANKIT,EQ,ALANKIT LIMITED,20,"-"
ALBERTDAVD,EQ,ALBERT DAVID LIMITED,20,"-"
ALCODIS,SM,ALCOKRAFT DISTILLERIES LIMITED,20,"-"
ALEMBICLTD,EQ,ALEMBIC LIMITED,20,"-"
ALGOQUANT,EQ,ALGOQUANT FINTECH LIMITED,20,"-"
ALICON,EQ,ALICON CASTALLOY LIMITED,20,"-"
ALIVUS,EQ,ALIVUS LIFE SCIENCES LIMITED,20,"-"
ALKALI,EQ,ALKALI METALS LIMITED,20,"-"
ALKYLAMINE,EQ,ALKYL AMINES CHEMICALS LIMITED,20,"-"
ALLCARGO,EQ,ALLCARGO LOGISTICS LIMITED,20,"-"
ALLDIGI,EQ,ALLDIGI TECH LIMITED,20,"-"
ALLETEC,SM,ALL E TECHNOLOGIES LIMITED,20,"-"
ALLTIME,EQ,ALL TIME PLASTICS LIMITED,20,"-"
ALMONDZ,EQ,ALMONDZ GLOBAL SECURITIES LIMITED,20,"-"
ALOKINDS,EQ,ALOK INDUSTRIES LIMITED,20,"-"
ALPA,EQ,ALPA LABORATORIES LIMITED,20,"-"
ALPEXSOLAR,SM,ALPEX SOLAR LIMITED,20,"-"
ALPHA,EQ,KOTAK MAHINDRA MUTUAL FUND - KOTAK NIFTY ALPHA 50 ETF,20,"-"
ALPHAETF,EQ,MIRAE ASSET MUTUAL FUND - MIRAE ASSET NIFTY 200 ALPHA 30 ETF,20,"-"
ALPHAGEO,EQ,ALPHAGEO (INDIA) LIMITED,20,"-"
ALPL30IETF,EQ,ICICI PRUDENTIAL NIFTY ALPHA LOW VOLATILITY 30 ETF,20,"-"
ALUWIND,SM,ALUWIND INFRA-TECH LIMITED,20,"-"
AMAGI,EQ,AMAGI MEDIA LABS LIMITED,20,"-"
AMANTA,EQ,AMANTA HEALTHCARE LIMITED,20,"-"
AMBEY,SM,AMBEY LABORATORIES LIMITED,20,"-"
AMBICAAGAR,EQ,AMBICA AGARBATHIES & AROMA INDUSTRIES LIMITED,20,"-"
AMBIKCO,EQ,AMBIKA COTTON MILLS LIMITED,20,"-"
AMDIND,EQ,AMD INDUSTRIES LIMITED,20,"-"
AMJLAND,EQ,AMJ LAND HOLDINGS LIMITED,20,"-"
AMNPLST,EQ,AMINES & PLASTICIZERS LIMITED,20,"-"
AMRUTANJAN,EQ,AMRUTANJAN HEALTH CARE LIMITED,20,"-"
ANANDRATHI,EQ,ANAND RATHI WEALTH LIMITED,20,"-"
ANANTAM,IV,ANANTAM HIGHWAYS TRUST,20,"-"
ANANTRAJ,EQ,ANANT RAJ LIMITED,20,"-"
ANDHRAPAP,EQ,ANDHRA PAPER LIMITED,20,"-"
ANDHRSUGAR,EQ,THE ANDHRA SUGARS LIMITED,20,"-"
ANLON,SM,ANLON TECHNOLOGY SOLUTIONS LIMITED,20,"-"
ANMOL,EQ,ANMOL INDIA LIMITED,20,"-"
ANNAPURNA,SM,ANNAPURNA SWADISHT LIMITED,20,"-"
ANTGRAPHIC,EQ,ANTARCTICA LIMITED,20,"-"
ANTHEM,EQ,ANTHEM BIOSCIENCES LIMITED,20,"-"
ANUHPHR,EQ,ANUH PHARMA LIMITED,20,"-"
ANUP,EQ,THE ANUP ENGINEERING LIMITED,20,"-"
ANURAS,EQ,ANUPAM RASAYAN INDIA LIMITED,20,"-"
ANURAS,W1,ANUPAM RASAYAN INDIA LIMITED,20,"-"
ANYA,SM,ANYA POLYTECH & FERTILIZERS LIMITED,20,"-"
ANZEN,IV,ANZEN INDIA ENERGY YIELD PLUS TRUST,20,"-"
AONEGOLD,EQ,ANGEL ONE MUTUAL FUND - ANGEL ONE GOLD ETF,20,"-"
AONENIFTY,EQ,ANGEL ONE MUTUAL FUND - ANGEL ONE NIFTY 50 ETF,20,"-"
AONETMMQ50,EQ,ANGEL ONE MF - ANGEL ONE NIFTY TOTAL MARKET MOMENTUM QUALITY 50 ETF,20,"-"
AONETOTAL,EQ,ANGEL ONE MUTUAL FUND - ANGEL ONE NIFTY TOTAL MARKET ETF,20,"-"
APARINDS,EQ,APAR INDUSTRIES LIMITED,20,"-"
APCL,EQ,ANJANI PORTLAND CEMENT LIMITED,20,"-"
APCOTEXIND,EQ,APCOTEX INDUSTRIES LIMITED,20,"-"
APEX,EQ,APEX FROZEN FOODS LIMITED,20,"-"
APEXECO,SM,APEX ECOTECH LIMITED,20,"-"
APLLTD,EQ,ALEMBIC PHARMACEUTICALS LIMITED,20,"-"
APOLLOPIPE,EQ,APOLLO PIPES LIMITED,20,"-"
APOLLOTYRE,EQ,APOLLO TYRES LIMITED,20,"-"
APOLSINHOT,EQ,APOLLO SINDOORI HOTELS LIMITED,20,"-"
APRAMEYA,SM,APRAMEYA ENGINEERING LIMITED,20,"-"
APS,SM,AUSTRALIAN PREMIUM SOLAR (INDIA) LIMITED,20,"-"
APTECHT,EQ,APTECH LIMITED,20,"-"
APTUS,EQ,APTUS VALUE HOUSING FINANCE INDIA LIMITED,20,"-"
ARABIAN,SM,ARABIAN PETROLEUM LIMITED,20,"-"
ARCHIDPLY,EQ,ARCHIDPLY INDUSTRIES LIMITED,20,"-"
ARCHIES,EQ,ARCHIES LIMITED,20,"-"
ARCIIL,SM,ARC INSULATION & INSULATORS LIMITED,20,"-"
ARE&M,EQ,AMARA RAJA ENERGY & MOBILITY LIMITED,20,"-"
ARENTERP,EQ,RAJDARSHAN INDUSTRIES LIMITED,20,"-"
ARIES,EQ,ARIES AGRO LIMITED,20,"-"
ARIHANTACA,SM,ARIHANT ACADEMY LIMITED,20,"-"
ARIHANTCAP,EQ,ARIHANT CAPITAL MARKETS LIMITED,20,"-"
ARIHANTSUP,EQ,ARIHANT SUPERSTRUCTURES LIMITED,20,"-"
ARISINFRA,EQ,ARISINFRA SOLUTIONS LIMITED,20,"-"
ARKADE,EQ,ARKADE DEVELOPERS LIMITED,20,"-"
ARMANFIN,EQ,ARMAN FINANCIAL SERVICES LIMITED,20,"-"
AROGRANITE,EQ,ARO GRANITE INDUSTRIES LIMITED,20,"-"
ARROWGREEN,EQ,ARROW GREENTECH LIMITED,20,"-"
ARSSBL,EQ,ANAND RATHI SHARE AND STOCK BROKERS LIMITED,20,"-"
ARTEMISMED,EQ,ARTEMIS MEDICARE SERVICES LIMITED,20,"-"
ARUNAYA,SM,ARUNAYA ORGANICS LIMITED,20,"-"
ARVIND,EQ,ARVIND LIMITED,20,"-"
ARVINDFASN,EQ,ARVIND FASHIONS LIMITED,20,"-"
ARVSMART,EQ,ARVIND SMARTSPACES LIMITED,20,"-"
ASAHIINDIA,EQ,ASAHI INDIA GLASS LIMITED,20,"-"
ASAHISONG,EQ,ASAHI SONGWON COLORS LIMITED,20,"-"
ASAL,EQ,AUTOMOTIVE STAMPINGS AND ASSEMBLIES LIMITED,20,"-"
ASALCBR,EQ,ASSOCIATED ALCOHOLS & BREWERIES LTD.,20,"-"
ASHALOG,SM,ASHAPURA LOGISTICS LIMITED,20,"-"
ASHAPURMIN,EQ,ASHAPURA MINECHEM LIMITED,20,"-"
ASHIANA,EQ,ASHIANA HOUSING LIMITED,20,"-"
ASHIMASYN,EQ,ASHIMA LIMITED,20,"-"
ASHOKA,EQ,ASHOKA BUILDCON LIMITED,20,"-"
ASHOKAMET,EQ,ASHOKA METCAST LIMITED,20,"-"
ASHWINI,SM,ASHWINI CONTAINER MOVERS LIMITED,20,"-"
ASIANENE,EQ,ASIAN ENERGY SERVICES LIMITED,20,"-"
ASIANHOTNR,EQ,ASIAN HOTELS (NORTH) LIMITED,20,"-"
ASIANTILES,EQ,ASIAN GRANITO INDIA LIMITED,20,"-"
ASPINWALL,EQ,ASPINWALL AND COMPANY LIMITED,20,"-"
ASTERDM,EQ,ASTER DM HEALTHCARE LIMITED,20,"-"
ASTRAMICRO,EQ,ASTRA MICROWAVE PRODUCTS LIMITED,20,"-"
ASTRAZEN,EQ,ASTRAZENECA PHARMA INDIA LIMITED,20,"-"
ATALREAL,EQ,ATAL REALTECH LIMITED,20,"-"
ATAM,EQ,ATAM VALVES LIMITED,20,"-"
ATCENERGY,SM,ATC ENERGIES SYSTEM LIMITED,20,"-"
ATGL,EQ,ADANI TOTAL GAS LIMITED,20,"-"
ATHERENERG,EQ,ATHER ENERGY LIMITED,20,"-"
ATL,EQ,ALLCARGO TERMINALS LIMITED,20,"-"
ATLASCYCLE,EQ,ATLAS CYCLES (HARYANA) LIMITED,20,"-"
ATLPP,E1,ALLCARGO TERMINALS LIMITED,20,"-"
ATMASTCO,SM,ATMASTCO LIMITED,20,"-"
ATUL,EQ,ATUL LIMITED,20,"-"
ATULAUTO,EQ,ATUL AUTO LIMITED,20,"-"
AURIONPRO,EQ,AURIONPRO SOLUTIONS LIMITED,20,"-"
AUROIMPEX,SM,AURO IMPEX & CHEMICALS LIMITED,20,"-"
AURUM,EQ,AURUM PROPTECH LIMITED,20,"-"
AUTOAXLES,EQ,AUTOMOTIVE AXLES LIMITED,20,"-"
AUTOBEES,EQ,NIPPON INDIA MUTUAL FUND - NIPPON INDIA NIFTY AUTO ETF,20,"-"
AUTOIETF,EQ,ICICI PRUDENTIAL MUTUAL FUND - ICICI PRUDENTIAL  NIFTY AUTO ETF,20,"-"
AUTOIND,EQ,AUTOLINE INDUSTRIES LIMITED,20,"-"
AVADHSUGAR,EQ,AVADH SUGAR & ENERGY LIMITED,20,"-"
AVALON,EQ,AVALON TECHNOLOGIES LIMITED,20,"-"
AVANA,SM,AVANA ELECTROSYSTEMS LIMITED,20,"-"
AVANTEL,EQ,AVANTEL LIMITED,20,"-"
AVANTIFEED,EQ,AVANTI FEEDS LIMITED,20,"-"
AVG,EQ,AVG LOGISTICS LIMITED,20,"-"
AVIANSH,SM,AVI ANSH TEXTILE LIMITED,20,"-"
AVL,EQ,ADITYA VISION LIMITED,20,"-"
AVONMORE,EQ,AVONMORE CAPITAL & MANAGEMENT SERVICES  LIMITED,20,"-"
AVPINFRA,SM,AVP INFRACON LIMITED,20,"-"
AVTNPL,EQ,AVT NATURAL PRODUCTS LIMITED,20,"-"
AWFIS,EQ,AWFIS SPACE SOLUTIONS LIMITED,20,"-"
AWHCL,EQ,ANTONY WASTE HANDLING CELL LIMITED,20,"-"
AWL,EQ,AWL AGRI BUSINESS LIMITED,20,"-"
AXISBNKETF,EQ,AXIS MUTUAL FUND - AXIS NIFTY BANK ETF,20,"-"
AXISBPSETF,EQ,AXIS MUTUAL FUND - AXIS NIFTY AAA BOND PLUS SDL APR 2026 50-50 ETF,20,"-"
AXISCETF,EQ,AXIS MUTUAL FUND - AXIS NIFTY INDIA CONSUMPTION ETF,20,"-"
AXISGOLD,EQ,AXIS MUTUAL FUND - AXIS GOLD ETF,20,"-"
AXISHCETF,EQ,AXIS MUTUAL FUND - AXIS NIFTY HEALTHCARE ETF,20,"-"
AXISILVER,EQ,AXIS MUTUAL FUND - AXIS SILVER ETF,20,"-"
AXISNIFTY,EQ,AXIS MUTUAL FUND - AXIS NIFTY 50 ETF,20,"-"
AXISTECETF,EQ,AXIS MUTUAL FUND - AXIS NIFTY IT ETF,20,"-"
AXISVALUE,EQ,AXIS MUTUAL FUND - AXIS NIFTY500 VALUE 50 ETF,20,"-"
AXSENSEX,EQ,AXIS MUTUAL FUND - AXIS S&P BSE SENSEX ETF,20,"-"
AYMSYNTEX,EQ,AYM SYNTEX LIMITED,20,"-"
AZAD,EQ,AZAD ENGINEERING LIMITED,20,"-"
BABAFP,SM,BABA FOOD PROCESSING (INDIA) LIMITED,20,"-"
BAGDIGITAL,SM,B.A.G. CONVERGENCE LIMITED,20,"-"
BAGFILMS,EQ,B.A.G FILMS AND MEDIA LIMITED,20,"-"
BAHETI,SM,BAHETI RECYCLING INDUSTRIES LIMITED,20,"-"
BAIDFIN,EQ,BAID FINSERV LIMITED,20,"-"
BAJAJCON,EQ,BAJAJ CONSUMER CARE LIMITED,20,"-"
BAJAJELEC,EQ,BAJAJ ELECTRICALS LIMITED,20,"-"
BAJAJHCARE,EQ,BAJAJ HEALTHCARE LIMITED,20,"-"
BAJAJHIND,EQ,BAJAJ HINDUSTHAN SUGAR LIMITED,20,"-"
BAJAJINDEF,EQ,INDEF MANUFACTURING LIMITED,20,"-"
BAJEL,EQ,BAJEL PROJECTS LIMITED,20,"-"
BALAJEE,EQ,SHREE TIRUPATI BALAJEE AGRO TRADING COMPANY LIMITED,20,"-"
BALAJITELE,EQ,BALAJI TELEFILMS LIMITED,20,"-"
BALAMINES,EQ,BALAJI AMINES LIMITED,20,"-"
BALAXI,EQ,BALAXI PHARMACEUTICALS LIMITED,20,"-"
BALKRISHNA,EQ,BALKRISHNA PAPER MILLS LIMITED,20,"-"
BALKRISIND,EQ,BALKRISHNA INDUSTRIES LIMITED,20,"-"
BALMLAWRIE,EQ,BALMER LAWRIE & COMPANY LIMITED,20,"-"
BALPHARMA,EQ,BAL PHARMA LIMITED,20,"-"
BALRAMCHIN,EQ,BALRAMPUR CHINI MILLS LIMITED,20,"-"
BANARBEADS,EQ,BANARAS BEADS LIMITED,20,"-"
BANARISUG,EQ,BANNARI AMMAN SUGARS LIMITED,20,"-"
BANCOINDIA,EQ,BANCO PRODUCTS (I) LIMITED,20,"-"
BANG,EQ,BANG OVERSEAS LIMITED,20,"-"
BANKADD,EQ,DSP  MUTUAL FUND - DSP NIFTY BANK ETF,20,"-"
BANKBEES,EQ,NIPPON INDIA ETF NIFTY BANK BEES,20,"-"
BANKBETA,EQ,UTI NIFTY BANK ETF,20,"-"
BANKBETF,EQ,BAJAJ FINSERV MUTUAL FUND - BAJAJ FINSERV NIFTY BANK ETF,20,"-"
BANKETF,EQ,MIRAE ASSET MUTUAL FUND - MIRAE ASSET NIFTY BANK ETF,20,"-"
BANKIETF,EQ,ICICI PRUDENTIAL NIFTY BANK ETF - NIFTY BANK INDEX,20,"-"
BANKNIFTY1,EQ,KOTAK NIFTY BANK ETF,20,"-"
BANKPSU,EQ,MIRAE ASSET MUTUAL FUND - MIRAE ASSET NIFTY PSU BANK ETF,20,"-"
BANSWRAS,EQ,BANSWARA SYNTEX LIMITED,20,"-"
BARFLEX,SM,BARFLEX POLYFILMS LIMITED,20,"-"
BASF,EQ,BASF INDIA LIMITED,20,"-"
BASILIC,SM,BASILIC FLY STUDIO LIMITED,20,"-"
BASML,EQ,BANNARI AMMAN SPINNING MILLS LIMITED,20,"-"
BATAINDIA,EQ,BATA INDIA LIMITED,20,"-"
BAWEJA,SM,BAWEJA STUDIOS LIMITED,20,"-"
BAYERCROP,EQ,BAYER CROPSCIENCE LIMITED,20,"-"
BBETF0432,EQ,EDELWEISS MUTUAL FUND - BHARAT BOND ETF - APRIL 2032 - GROWTH,20,"-"
BBL,EQ,BHARAT BIJLEE LIMITED,20,"-"
BBNPNBETF,EQ,BARODA BNP PARIBAS MUTUAL FUND- BARODA BNP PARIBAS NIFTY BANK ETF,20,"-"
BBNPPGOLD,EQ,BARODA BNP PARIBAS MUTUAL FUND - BARODA BNP PARIBAS GOLD ETF,20,"-"
BBTC,EQ,THE BOMBAY BURMAH TRADING CORPORATION LIMITED,20,"-"
BBTCL,EQ,B&B TRIPLEWALL CONTAINERS LIMITED,20,"-"
BCG,EQ,BRIGHTCOM GROUP LIMITED,20,"-"
BCLIND,EQ,BCL INDUSTRIES LIMITED,20,"-"
BCONCEPTS,EQ,BRAND CONCEPTS LIMITED,20,"-"
BEARDSELL,EQ,BEARDSELL LIMITED,20,"-"
BECTORFOOD,EQ,MRS. BECTORS FOOD SPECIALITIES LIMITED,20,"-"
BEDMUTHA,EQ,BEDMUTHA INDUSTRIES LIMITED,20,"-"
BELLACASA,EQ,BELLA CASA FASHION & RETAIL LIMITED,20,"-"
BELRISE,EQ,BELRISE INDUSTRIES LIMITED,20,"-"
BEML,EQ,BEML LIMITED,20,"-"
BEPL,EQ,BHANSALI ENGINEERING POLYMERS LIMITED,20,"-"
BERGEPAINT,EQ,BERGER PAINTS (I) LIMITED,20,"-"
BETA,EQ,BETA DRUGS LIMITED,20,"-"
BEWLTD,SM,BEW ENGINEERING LIMITED,20,"-"
BFINVEST,EQ,BF INVESTMENT LIMITED,20,"-"
BFSI,EQ,MIRAE ASSET MUTUAL FUND - MIRAE ASSET NIFTY FINANCIAL SERVICES ETF,20,"-"
BHADORA,SM,BHADORA INDUSTRIES LIMITED,20,"-"
BHAGCHEM,EQ,BHAGIRADHA CHEMICALS & INDUSTRIES LIMITED,20,"-"
BHAGERIA,EQ,BHAGERIA INDUSTRIES LIMITED,20,"-"
BHANDARI,EQ,BHANDARI HOSIERY EXPORTS LIMITED,20,"-"
BHARATCOAL,EQ,BHARAT COKING COAL LIMITED,20,"-"
BHARATGEAR,EQ,BHARAT GEARS LIMITED,20,"-"
BHARATRAS,EQ,BHARAT RASAYAN LIMITED,20,"-"
BHARATWIRE,EQ,BHARAT WIRE ROPES LIMITED,20,"-"
BHARTIHEXA,EQ,BHARTI HEXACOM LIMITED,20,"-"
BIGBLOC,EQ,BIGBLOC CONSTRUCTION LIMITED,20,"-"
BIKAJI,EQ,BIKAJI FOODS INTERNATIONAL LIMITED,20,"-"
BIL,EQ,BHARTIYA INTERNATIONAL LIMITED,20,"-"
BIRET,RR,BROOKFIELD INDIA REAL ESTATE TRUST,20,"-"
BIRLACABLE,EQ,BIRLA CABLE LIMITED,20,"-"
BIRLACORPN,EQ,BIRLA CORPORATION LIMITED,20,"-"
BIRLAMONEY,EQ,ADITYA BIRLA MONEY LIMITED,20,"-"
BIRLANU,EQ,BIRLANU LIMITED,20,"-"
BLACKBUCK,EQ,BLACKBUCK LIMITED,20,"-"
BLAL,EQ,BEML LAND ASSETS LIMITED,20,"-"
BLBLIMITED,EQ,BLB LIMITED,20,"-"
BLISSGVS,EQ,BLISS GVS PHARMA LIMITED,20,"-"
BLKASHYAP,EQ,B. L. KASHYAP AND SONS LIMITED,20,"-"
BLS,EQ,BLS INTERNATIONAL SERVICES LIMITED,20,"-"
BLSE,EQ,BLS E-SERVICES LIMITED,20,"-"
BLUEDART,EQ,BLUE DART EXPRESS LIMITED,20,"-"
BLUEPEBBLE,SM,BLUE PEBBLE LIMITED,20,"-"
BLUESTONE,EQ,BLUESTONE JEWELLERY AND LIFESTYLE LIMITED,20,"-"
BLUEWATER,SM,BLUE WATER LOGISTICS LIMITED,20,"-"
BLUSPRING,EQ,BLUSPRING ENTERPRISES LIMITED,20,"-"
BMETRICS,SM,BOMBAY METRICS SUPPLY CHAIN LIMITED,20,"-"
BMWVENTLTD,EQ,BMW VENTURES LIMITED,20,"-"
BODALCHEM,EQ,BODAL CHEMICALS LIMITED,20,"-"
BOMDYEING,EQ,BOMBAY DYEING & MFG COMPANY LIMITED,20,"-"
BOROLTD,EQ,BOROSIL LIMITED,20,"-"
BORORENEW,EQ,BOROSIL RENEWABLES LIMITED,20,"-"
BOROSCI,EQ,BOROSIL SCIENTIFIC LIMITED,20,"-"
BPL,EQ,BPL LIMITED,20,"-"
BRACEPORT,SM,BRACE PORT LOGISTICS LIMITED,20,"-"
BRIGADE,EQ,BRIGADE ENTERPRISES LIMITED,20,"-"
BRIGHOTEL,EQ,BRIGADE HOTEL VENTURES LIMITED,20,"-"
BRNL,EQ,BHARAT ROAD NETWORK LIMITED,20,"-"
BROOKS,EQ,BROOKS LABORATORIES LIMITED,20,"-"
BSE500IETF,EQ,ICICI PRUDENTIAL BSE 500 ETF,20,"-"
BSHSL,EQ,BOMBAY SUPER HYBRID SEEDS LIMITED,20,"-"
BSL,EQ,BSL LIMITED,20,"-"
BSLGOLDETF,EQ,ADITYA BIRLA SUN LIFE GOLD ETF - GROWTH,20,"-"
BSLNIFTY,EQ,ADITYA BIRLA SUN LIFE NIFTY 50 ETF,20,"-"
BSLSENETFG,EQ,ADITYA BIRLA SUN LIFE BSE SENSEX ETF,20,"-"
BSOFT,EQ,BIRLASOFT LIMITED,20,"-"
BTML,EQ,BODHI TREE MULTIMEDIA LIMITED,20,"-"
BUILDPRO,EQ,SHANKARA BUILDPRO LIMITED,20,"-"
BUTTERFLY,EQ,BUTTERFLY GANDHIMATHI APPLIANCES LIMITED,20,"-"
BYKE,EQ,THE BYKE HOSPITALITY LTD,20,"-"
C2C,SM,C2C ADVANCED SYSTEMS LIMITED,20,"-"
CALSOFT,EQ,CALIFORNIA SOFTWARE COMPANY LIMITED,20,"-"
CALSOFTPP,E1,CALIFORNIA SOFTWARE COMPANY LIMITED,20,"-"
CAMLINFINE,EQ,CAMLIN FINE SCIENCES LIMITED,20,"-"
CAMPUS,EQ,CAMPUS ACTIVEWEAR LIMITED,20,"-"
CANARYS,SM,CANARYS AUTOMATIONS LIMITED,20,"-"
CANFINHOME,EQ,CAN FIN HOMES LIMITED,20,"-"
CANHLIFE,EQ,CANARA HSBC LIFE INSURANCE COMPANY LIMITED,20,"-"
CANTABIL,EQ,CANTABIL RETAIL INDIA LIMITED,20,"-"
CAPACITE,EQ,CAPACITE INFRAPROJECTS LIMITED,20,"-"
CAPILLARY,EQ,CAPILLARY TECHNOLOGIES INDIA LIMITED,20,"-"
CAPINVIT,IV,CAPITAL INFRA TRUST,20,"-"
CAPITALSFB,EQ,CAPITAL SMALL FINANCE BANK LIMITED,20,"-"
CAPLIPOINT,EQ,CAPLIN POINT LABORATORIES LIMITED,20,"-"
CARBORUNIV,EQ,CARBORUNDUM UNIVERSAL LIMITED,20,"-"
CARERATING,EQ,CARE RATINGS LIMITED,20,"-"
CARRARO,EQ,CARRARO INDIA LIMITED,20,"-"
CARTRADE,EQ,CARTRADE TECH LIMITED,20,"-"
CARYSIL,EQ,CARYSIL LIMITED,20,"-"
CASTROLIND,EQ,CASTROL INDIA LIMITED,20,"-"
CCAVENUE,EQ,AVENUESAI LIMITED,20,"-"
CCHHL,EQ,COUNTRY CLUB HOSPITALITY & HOLIDAYS LIMITED,20,"-"
CCL,EQ,CCL PRODUCTS (INDIA) LIMITED,20,"-"
CEATLTD,EQ,CEAT LIMITED,20,"-"
CELEBRITY,EQ,CELEBRITY FASHIONS LIMITED,20,"GSM STAGE - 0"
CELLECOR,SM,CELLECOR GADGETS LIMITED,20,"-"
CELLO,EQ,CELLO WORLD LIMITED,20,"-"
CELLPOINT,SM,CELL POINT (INDIA) LIMITED,20,"-"
CEMPRO,EQ,CEMINDIA PROJECTS LIMITED,20,"-"
CENTENKA,EQ,CENTURY ENKA LIMITED,20,"-"
CENTRALBK,EQ,CENTRAL BANK OF INDIA,20,"-"
CENTRUM,EQ,CENTRUM CAPITAL LIMITED,20,"-"
CENTUM,EQ,CENTUM ELECTRONICS LIMITED,20,"-"
CENTURYPLY,EQ,CENTURY PLYBOARDS (INDIA) LIMITED,20,"-"
CERA,EQ,CERA SANITARYWARE LIMITED,20,"-"
CESC,EQ,CESC LIMITED,20,"-"
CEWATER,EQ,CONCORD ENVIRO SYSTEMS LIMITED,20,"-"
CGCL,EQ,CAPRI GLOBAL CAPITAL LIMITED,20,"-"
CGRAPHICS,SM,CREATIVE GRAPHICS SOLUTIONS INDIA LIMITED,20,"-"
CHALET,EQ,CHALET HOTELS LIMITED,20,"-"
CHAMBLFERT,EQ,CHAMBAL FERTILIZERS & CHEMICALS LIMITED,20,"-"
CHAMUNDA,SM,CHAMUNDA ELECTRICAL LIMITED,20,"-"
CHANDAN,SM,CHANDAN HEALTHCARE LIMITED,20,"-"
CHEMBOND,EQ,CHEMBOND MATERIAL TECHNOLOGIES LIMITED,20,"-"
CHEMBONDCH,EQ,CHEMBOND CHEMICALS LIMITED,20,"-"
CHEMCON,EQ,CHEMCON SPECIALITY CHEMICALS LIMITED,20,"-"
CHEMFAB,EQ,CHEMFAB ALKALIS LIMITED,20,"-"
CHEMICAL,EQ,KOTAK MAHINDRA MUTUAL FUND - KOTAK NIFTY CHEMICALS ETF,20,"-"
CHEMPLASTS,EQ,CHEMPLAST SANMAR LIMITED,20,"-"
CHENNPETRO,EQ,CHENNAI PETROLEUM CORPORATION LIMITED,20,"-"
CHETANA,SM,CHETANA EDUCATION LIMITED,20,"-"
CHEVIOT,EQ,CHEVIOT COMPANY LIMITED,20,"-"
CHOICEGOLD,EQ,CHOICE MUTUAL FUND - CHOICE GOLD ETF,20,"-"
CHOICEIN,EQ,CHOICE INTERNATIONAL LIMITED,20,"-"
CHOLAHLDNG,EQ,CHOLAMANDALAM FINANCIAL HOLDINGS LIMITED,20,"-"
CIEINDIA,EQ,CIE AUTOMOTIVE INDIA LIMITED,20,"-"
CIFL,EQ,CAPITAL INDIA FINANCE LIMITED,20,"-"
CIGNITITEC,EQ,CIGNITI TECHNOLOGIES LIMITED,20,"-"
CINELINE,EQ,CINELINE INDIA LIMITED,20,"-"
CINEVISTA,EQ,CINEVISTA LIMITED,20,"-"
CLASSICEIL,SM,CLASSIC ELECTRODES (INDIA) LIMITED,20,"-"
CLEAN,EQ,CLEAN SCIENCE AND TECHNOLOGY LIMITED,20,"-"
CLSEL,EQ,CHAMAN LAL SETIA EXPORTS LIMITED,20,"-"
CLSL,SM,CROP LIFE SCIENCE LIMITED,20,"-"
CMNL,SM,CHAMAN METALLICS LIMITED,20,"-"
CMSINFO,EQ,CMS INFO SYSTEMS LIMITED,20,"-"
CNL,EQ,CREATIVE NEWTECH LIMITED,20,"-"
COCHINSHIP,EQ,COCHIN SHIPYARD LIMITED,20,"-"
COFFEEDAY,EQ,COFFEE DAY ENTERPRISES LIMITED,20,"-"
COHANCE,EQ,COHANCE LIFESCIENCES LIMITED,20,"-"
COMMOIETF,EQ,ICICI PRUDENTIAL MUTUAL FUND - ICICI PRUDENTIAL NIFTY COMMODITIES ETF,20,"-"
COMPUSOFT,EQ,COMPUCOM SOFTWARE LIMITED,20,"-"
CONCORDBIO,EQ,CONCORD BIOTECH LIMITED,20,"-"
CONFIPET,EQ,CONFIDENCE PETROLEUM INDIA LIMITED,20,"-"
CONNPLEX,SM,CONNPLEX CINEMAS LIMITED,20,"-"
CONS,EQ,KOTAK NIFTY INDIA CONSUMPTION ETF,20,"-"
CONSOFINVT,EQ,CONSOLIDATED FINVEST & HOLDINGS LIMITED,20,"-"
CONSUMBEES,EQ,NIPPON INDIA ETF NIFTY INDIA CONSUMPTION,20,"-"
CONSUMER,EQ,MIRAE ASSET MF- MIRAE ASSET NIFTY INDIA NEW AGE CONSUMPTION ETF,20,"-"
CONSUMIETF,EQ,ICICI PRUDENTIAL NIFTY INDIA CONSUMPTION ETF,20,"-"
CONTROLPR,EQ,CONTROL PRINT LIMITED,20,"-"
CORALFINAC,EQ,CORAL INDIA FINANCE & HOUSING LIMITED,20,"-"
CORDSCABLE,EQ,CORDS CABLE INDUSTRIES LIMITED,20,"-"
COROMANDEL,EQ,COROMANDEL INTERNATIONAL LIMITED,20,"-"
CORONA,EQ,CORONA REMEDIES LIMITED,20,"-"
COSMOFIRST,EQ,COSMO FIRST LIMITED,20,"-"
COUNCODOS,EQ,COUNTRY CONDO'S LIMITED,20,"-"
CPCAP,EQ,CP CAPITAL LIMITED,20,"-"
CPEDU,EQ,CAREER POINT EDUTECH LIMITED,20,"-"
CPSEETF,EQ,CPSE ETF,20,"-"
CRAFTSMAN,EQ,CRAFTSMAN AUTOMATION LIMITED,20,"-"
CRAMC,EQ,CANARA ROBECO ASSET MANAGEMENT COMPANY LIMITED,20,"-"
CRAYONS,SM,CRAYONS ADVERTISING LIMITED,20,"-"
CREATIVEYE,EQ,CREATIVE EYE LIMITED,20,"-"
CREDITACC,EQ,CREDITACCESS GRAMEEN LIMITED,20,"-"
CREST,EQ,CREST VENTURES LIMITED,20,"-"
CRISIL,EQ,CRISIL LIMITED,20,"-"
CROWN,EQ,CROWN LIFTERS LIMITED,20,"-"
CSBBANK,EQ,CSB BANK LIMITED,20,"-"
CSLFINANCE,EQ,CSL FINANCE LIMITED,20,"-"
CSSL,SM,CLEAR SECURED SERVICES LIMITED,20,"-"
CUB,EQ,CITY UNION BANK LIMITED,20,"-"
CUBEINVIT,IV,CUBE HIGHWAYS TRUST,20,"-"
CUBEXTUB,EQ,CUBEX TUBINGS LIMITED,20,"-"
CUDML,SM,CASH UR DRIVE MARKETING LIMITED,20,"-"
CUPID,EQ,CUPID LIMITED,20,"-"
CURIS,SM,CURIS LIFESCIENCES LIMITED,20,"-"
CURRENT,SM,CURRENT INFRAPROJECTS LIMITED,20,"-"
CYIENT,EQ,CYIENT LIMITED,20,"-"
CYIENTDLM,EQ,CYIENT DLM LIMITED,20,"-"
DALMIASUG,EQ,DALMIA BHARAT SUGAR AND INDUSTRIES LIMITED,20,"-"
DAMCAPITAL,EQ,DAM CAPITAL ADVISORS LIMITED,20,"-"
DAMODARIND,EQ,DAMODAR INDUSTRIES LIMITED,20,"-"
DANGEE,EQ,DANGEE DUMS LIMITED,20,"-"
DANISH,SM,DANISH POWER LIMITED,20,"-"
DATAMATICS,EQ,DATAMATICS GLOBAL SERVICES LIMITED,20,"-"
DATAPATTNS,EQ,DATA PATTERNS (INDIA) LIMITED,20,"-"
DAVANGERE,EQ,DAVANGERE SUGAR COMPANY LIMITED,20,"-"
DBCORP,EQ,D.B.CORP LIMITED,20,"-"
DBEIL,EQ,DEEPAK BUILDERS & ENGINEERS INDIA LIMITED,20,"-"
DBL,EQ,DILIP BUILDCON LIMITED,20,"-"
DBOL,EQ,DHAMPUR BIO ORGANICS LIMITED,20,"-"
DBREALTY,EQ,VALOR ESTATE LIMITED,20,"-"
DBSTOCKBRO,EQ,DB (INTERNATIONAL) STOCK BROKERS LIMITED,20,"-"
DCAL,EQ,DISHMAN CARBOGEN AMCIS LIMITED,20,"-"
DCBBANK,EQ,DCB BANK LIMITED,20,"-"
DCCL,SM,DAR CREDIT & CAPITAL LIMITED,20,"-"
DCG,SM,DCG CABLES & WIRES LIMITED,20,"-"
DCI,EQ,DC INFOTECH AND COMMUNICATION LIMITED,20,"-"
DCM,EQ,DCM  LIMITED,20,"-"
DCMFINSERV,EQ,DCM FINANCIAL SERVICES LIMITED,20,"GSM STAGE - 0"
DCMNVL,EQ,DCM NOUVELLE LIMITED,20,"-"
DCMSHRIRAM,EQ,DCM SHRIRAM LIMITED,20,"-"
DCMSRIND,EQ,DCM SHRIRAM INDUSTRIES LIMITED,20,"-"
DCW,EQ,DCW LIMITED,20,"-"
DCXINDIA,EQ,DCX SYSTEMS LIMITED,20,"-"
DDEVPLSTIK,EQ,DDEV PLASTIKS INDUSTRIES LIMITED,20,"-"
DECCANCE,EQ,DECCAN CEMENTS LIMITED,20,"-"
DECCANTRAN,SM,DECCAN TRANSCON LEASING LIMITED,20,"-"
DEEDEV,EQ,DEE DEVELOPMENT ENGINEERS LIMITED,20,"-"
DEEM,SM,DEEM ROLL TECH LIMITED,20,"-"
DEEPAKFERT,EQ,DEEPAK FERTILIZERS AND PETROCHEMICALS CORPORATION LIMITED,20,"-"
DEEPAKNTR,EQ,DEEPAK NITRITE LIMITED,20,"-"
DEEPINDS,EQ,DEEP INDUSTRIES LIMITED,20,"-"
DELAPLEX,SM,DELAPLEX LIMITED,20,"-"
DELPHIFX,EQ,DELPHI WORLD MONEY LIMITED,20,"-"
DELTACORP,EQ,DELTA CORP LIMITED,20,"-"
DELTIC,SM,DELTA AUTOCORP LIMITED,20,"-"
DEN,EQ,DEN NETWORKS LIMITED,20,"-"
DENORA,EQ,DE NORA INDIA LIMITED,20,"-"
DENTA,EQ,DENTA WATER AND INFRA SOLUTIONS LIMITED,20,"-"
DENTALKART,SM,VASA DENTICITY LIMITED,20,"-"
DEVIT,EQ,DEV INFORMATION TECHNOLOGY LIMITED,20,"-"
DEVX,EQ,DEV ACCELERATOR LIMITED,20,"-"
DEVYANI,EQ,DEVYANI INTERNATIONAL LIMITED,20,"-"
DGCONTENT,EQ,DIGICONTENT LIMITED,20,"-"
DHAMPURSUG,EQ,DHAMPUR SUGAR MILLS LIMITED,20,"-"
DHANBANK,EQ,DHANLAXMI BANK LIMITED,20,"-"
DHANLAXMI,SM,DHANLAXMI CROP SCIENCE LIMITED,20,"-"
DHANUKA,EQ,DHANUKA AGRITECH LIMITED,20,"-"
DHARARAIL,SM,DHARA RAIL PROJECTS LIMITED,20,"-"
DHARMAJ,EQ,DHARMAJ CROP GUARD LIMITED,20,"-"
DHRUV,EQ,DHRUV CONSULTANCY SERVICES LIMITED,20,"-"
DHUNINV,EQ,DHUNSERI INVESTMENTS LIMITED,20,"-"
DIAMINESQ,EQ,DIAMINES & CHEMICALS LIMITED,20,"-"
DIAMONDYD,EQ,PRATAAP SNACKS LIMITED,20,"-"
DICIND,EQ,DIC INDIA LIMITED,20,"-"
DIFFNKG,EQ,DIFFUSION ENGINEERS LIMITED,20,"-"
DIGIDRIVE,EQ,DIGIDRIVE DISTRIBUTORS LIMITED,20,"-"
DIGIKORE,SM,DIGIKORE STUDIOS LIMITED,20,"-"
DIGISPICE,EQ,DIGISPICE TECHNOLOGIES LIMITED,20,"-"
DIGITIDE,EQ,DIGITIDE SOLUTIONS LIMITED,20,"-"
DISHTV,EQ,DISH TV INDIA LIMITED,20,"-"
DIVGIITTS,EQ,DIVGI TORQTRANSFER SYSTEMS LIMITED,20,"-"
DIVIDEND,EQ,MIRAE ASSET MUTUAL FUND - MIRAE ASSET BSE 500 DIVIDEND LEADERS 50 ETF,20,"-"
DIVOPPBEES,EQ,NIPPON INDIA ETF NIFTY DIVIDEND OPPORTUNITIES 50,20,"-"
DJML,EQ,DJ MEDIAPRINT & LOGISTICS LIMITED,20,"-"
DKEGL,SM,D.K. ENTERPRISES GLOBAL LIMITED,20,"-"
DLINKINDIA,EQ,D-LINK (INDIA) LIMITED,20,"-"
DMCC,EQ,DMCC SPECIALITY CHEMICALS LIMITED,20,"-"
DNAMEDIA,EQ,DILIGENT MEDIA CORPORATION LIMITED,20,"-"
DODLA,EQ,DODLA DAIRY LIMITED,20,"-"
DOLATALGO,EQ,DOLAT ALGOTECH LIMITED,20,"-"
DOLLAR,EQ,DOLLAR INDUSTRIES LIMITED,20,"-"
DOLLEX,SM,DOLLEX AGROTECH LIMITED,20,"-"
DOLPHIN,EQ,DOLPHIN OFFSHORE ENTERPRISES (INDIA) LIMITED,20,"-"
DOMS,EQ,DOMS INDUSTRIES LIMITED,20,"-"
DONEAR,EQ,DONEAR INDUSTRIES LIMITED,20,"-"
DPABHUSHAN,EQ,D. P. ABHUSHAN LIMITED,20,"-"
DPSCLTD,EQ,DPSC LIMITED,20,"-"
DPWIRES,EQ,D P WIRES LIMITED,20,"-"
DRCSYSTEMS,EQ,DRC SYSTEMS INDIA LIMITED,20,"-"
DREAMFOLKS,EQ,DREAMFOLKS SERVICES LIMITED,20,"-"
DREDGECORP,EQ,DREDGING CORPORATION OF INDIA LIMITED,20,"-"
DSSL,EQ,DYNACONS SYSTEMS & SOLUTIONS LIMITED,20,"-"
DTIL,EQ,DHUNSERI TEA & INDUSTRIES LIMITED,20,"-"
DTL,SM,DIENSTEN TECH LIMITED,20,"-"
DUCOL,SM,DUCOL ORGANICS AND COLOURS LIMITED,20,"-"
DUCON,EQ,DUCON INFRATECHNOLOGIES LIMITED,20,"-"
DUGLOBAL,SM,DUDIGITAL GLOBAL LIMITED,20,"-"
DURLAX,SM,DURLAX TOP SURFACE LIMITED,20,"-"
DVL,EQ,DHUNSERI VENTURES LIMITED,20,"-"
DWARKESH,EQ,DWARIKESH SUGAR INDUSTRIES LIMITED,20,"-"
DYCL,EQ,DYNAMIC CABLES LIMITED,20,"-"
DYNAMATECH,EQ,DYNAMATIC TECHNOLOGIES LIMITED,20,"-"
DYNPRO,EQ,DYNEMIC PRODUCTS LIMITED,20,"-"
E2ERAIL,SM,E TO E TRANSPORTATION INFRASTRUCTURE LIMITED,20,"-"
EASEMYTRIP,EQ,EASY TRIP PLANNERS LIMITED,20,"-"
EBANKNIFTY,EQ,EDELWEISS MUTUAL FUND - EDELWEISS NIFTY BANK ETF,20,"-"
EBBETF0430,EQ,EDELWEISS MUTUAL FUND - BHARAT BOND  ETF - APRIL 2030,20,"-"
EBBETF0431,EQ,EDELWEISS MUTUAL FUND - BHARAT BOND ETF - APRIL 2031,20,"-"
EBBETF0433,EQ,EDELWEISS MUTUAL FUND - BHARAT BOND ETF-APRIL 2033,20,"-"
ECAPINSURE,EQ,EDELWEISS MUTUAL FUND - EDELWEISS BSE CAPITAL MARKETS & INSURANCE ETF,20,"-"
ECLERX,EQ,ECLERX SERVICES LIMITED,20,"-"
ECOLINE,SM,ECOLINE EXIM LIMITED,20,"-"
ECOSMOBLTY,EQ,ECOS (INDIA) MOBILITY & HOSPITALITY LIMITED,20,"-"
EDELWEISS,EQ,EDELWEISS FINANCIAL SERVICES LIMITED,20,"-"
EEPL,SM,EPPELTONE ENGINEERS LIMITED,20,"-"
EFCIL,EQ,EFC (I) LIMITED,20,"-"
EFFWA,SM,EFFWA INFRA & RESEARCH LIMITED,20,"-"
EFORCE,SM,ELECTRO FORCE (INDIA) LIMITED,20,"-"
EGOLD,EQ,EDELWEISS MUTUAL FUND -EDELWEISS GOLD ETF,20,"-"
EIDPARRY,EQ,EID PARRY INDIA LIMITED,20,"-"
EIEL,EQ,ENVIRO INFRA ENGINEERS LIMITED,20,"-"
EIFFL,EQ,EURO INDIA FRESH FOODS LIMITED,20,"-"
EIHAHOTELS,EQ,EIH ASSOCIATED HOTELS LIMITED,20,"-"
EIHOTEL,EQ,EIH LIMITED,20,"-"
EIMCOELECO,EQ,EIMCO ELECON (INDIA) LIMITED,20,"-"
EKC,EQ,EVEREST KANTO CYLINDER LIMITED,20,"-"
ELDEHSG,EQ,ELDECO HOUSING AND INDUSTRIES LIMITED,20,"-"
ELECON,EQ,ELECON ENGINEERING COMPANY LIMITED,20,"-"
ELECTCAST,EQ,ELECTROSTEEL CASTINGS LIMITED,20,"-"
ELECTCAST,W1,ELECTROSTEEL CASTINGS LIMITED,20,"-"
ELECTHERM,EQ,ELECTROTHERM (INDIA) LIMITED,20,"-"
ELGIEQUIP,EQ,ELGI EQUIPMENTS LIMITED,20,"-"
ELGNZ,SM,ELEGANZ INTERIORS LIMITED,20,"-"
ELIN,EQ,ELIN ELECTRONICS LIMITED,20,"-"
ELM250,EQ,EDELWEISS MUTUAL FUND - EDELWEISS NIFTY LARGEMIDCAP 250 ETF,20,"-"
EMAMILTD,EQ,EMAMI LIMITED,20,"-"
EMAMIPAP,EQ,EMAMI PAPER MILLS LIMITED,20,"-"
EMAPARTNER,SM,EMA PARTNERS INDIA LIMITED,20,"-"
EMBASSY,RR,EMBASSY OFFICE PARKS REIT,20,"-"
EMIL,EQ,ELECTRONICS MART INDIA LIMITED,20,"-"
EMKAYTOOLS,SM,EMKAY TAPS AND CUTTING TOOLS LIMITED,20,"-"
EMMBI,EQ,EMMBI INDUSTRIES LIMITED,20,"-"
EMMIL,SM,ENERGY MISSION MACHINERIES (INDIA) LIMITED,20,"-"
EMSLIMITED,EQ,EMS LIMITED,20,"-"
EMUDHRA,EQ,EMUDHRA LIMITED,20,"-"
EMULTIMQ,EQ,EDELWEISS MF - EDELWEISS NIFTY500 MULTICAP MOMENTUM QUALITY 50 ETF,20,"-"
ENCOMPAS,SM,ENCOMPASS DESIGN INDIA LIMITED,20,"-"
ENDURANCE,EQ,ENDURANCE TECHNOLOGIES LIMITED,20,"-"
ENERGY,EQ,MIRAE ASSET MUTUAL FUND - MIRAE ASSET NIFTY ENERGY ETF,20,"-"
ENFUSE,SM,ENFUSE SOLUTIONS LIMITED,20,"-"
ENGINERSIN,EQ,ENGINEERS INDIA LIMITED,20,"-"
ENIFTY,EQ,EDELWEISS MUTUAL FUND - EDELWEISS NIFTY 50 ETF,20,"-"
ENIL,EQ,ENTERTAINMENT NETWORK (INDIA) LIMITED,20,"-"
ENRIN,EQ,SIEMENS ENERGY INDIA LIMITED,20,"-"
ENSER,SM,ENSER COMMUNICATIONS LIMITED,20,"-"
ENTERO,EQ,ENTERO HEALTHCARE SOLUTIONS LIMITED,20,"-"
ENVIRO,SM,ENVIROTECH SYSTEMS LIMITED,20,"-"
EPACK,EQ,EPACK DURABLE LIMITED,20,"-"
EPIGRAL,EQ,EPIGRAL LIMITED,20,"-"
EPL,EQ,EPL LIMITED,20,"-"
EPWINDIA,SM,EPW INDIA LIMITED,20,"-"
EQUAL200,EQ,MIRAE ASSET MUTUAL FUND - MIRAE ASSET BSE 200 EQUAL WEIGHT ETF,20,"-"
EQUAL50,EQ,MIRAE ASSET MUTUAL FUND - MIRAE ASSET NIFTY50 EQUAL WEIGHT ETF,20,"-"
EQUAL50ADD,EQ,DSP  MUTUAL FUND - DSP NIFTY 50 EQUAL WEIGHT ETF,20,"-"
EQUITASBNK,EQ,EQUITAS SMALL FINANCE BANK LIMITED,20,"-"
ERIS,EQ,ERIS LIFESCIENCES LIMITED,20,"-"
ESABINDIA,EQ,ESAB INDIA LIMITED,20,"-"
ESAFSFB,EQ,ESAF SMALL FINANCE BANK LIMITED,20,"-"
ESCORTS,EQ,ESCORTS KUBOTA LIMITED,20,"-"
ESENSEX,EQ,EDELWEISS MUTUAL FUND - EDELWEISS BSE SENSEX ETF,20,"-"
ESG,EQ,MIRAE ASSET MUTUAL FUND - MIRAE ASSET NIFTY 100 ESG SECTOR LEADERS ETF,20,"-"
ESILVER,EQ,EDELWEISS MUTUAL FUND - EDELWEISS SILVER ETF,20,"-"
ESSARSHPNG,EQ,ESSAR SHIPPING LIMITED,20,"-"
ESSENTIA,EQ,INTEGRA ESSENTIA LIMITED,20,"-"
ESTER,EQ,ESTER INDUSTRIES LIMITED,20,"-"
ETHOSLTD,EQ,ETHOS LIMITED,20,"-"
ETL,SM,EMKAY TOOLS LIMITED,20,"-"
ETML,SM,EMERALD TYRE MANUFACTURERS LIMITED,20,"-"
EUREKAFORB,EQ,EUREKA FORBES LIMITED,20,"-"
EUROBOND,EQ,EURO PANEL PRODUCTS LIMITED,20,"-"
EUROPRATIK,EQ,EURO PRATIK SALES LIMITED,20,"-"
EVEREADY,EQ,EVEREADY INDUSTRIES INDIA LIMITED,20,"-"
EVERESTIND,EQ,EVEREST INDUSTRIES LIMITED,20,"-"
EVIETF,EQ,ICICI PRUDENTIAL MF-ICICI PRUDENTIAL NIFTY EV & NEW AGE AUTOMOTIVE ETF,20,"-"
EVINDIA,EQ,MIRAE ASSET MF - MIRAE ASSET NIFTY EV AND NEW AGE AUTOMOTIVE ETF,20,"-"
EXCELINDUS,EQ,EXCEL INDUSTRIES LIMITED,20,"-"
EXCELSOFT,EQ,EXCELSOFT TECHNOLOGIES LIMITED,20,"-"
EXICOM,EQ,EXICOM TELE-SYSTEMS LIMITED,20,"-"
EXPLEOSOL,EQ,EXPLEO SOLUTIONS LIMITED,20,"-"
FABTECH,EQ,FABTECH TECHNOLOGIES LIMITED,20,"-"
FACT,EQ,FERTILIZERS AND CHEMICALS TRAVANCORE LIMITED,20,"-"
FAIRCHEMOR,EQ,FAIRCHEM ORGANICS LIMITED,20,"-"
FAZE3Q,EQ,FAZE THREE LIMITED,20,"-"
FCL,EQ,FINEOTEX CHEMICAL LIMITED,20,"-"
FCSSOFT,EQ,FCS SOFTWARE SOLUTIONS LIMITED,20,"-"
FDC,EQ,FDC LIMITED,20,"-"
FEDFINA,EQ,FEDBANK FINANCIAL SERVICES LIMITED,20,"-"
FELIX,SM,FELIX INDUSTRIES LIMITED,20,"-"
FIBERWEB,EQ,FIBERWEB (INDIA) LIMITED,20,"-"
FIDEL,SM,FIDEL SOFTECH LIMITED,20,"-"
FIEMIND,EQ,FIEM INDUSTRIES LIMITED,20,"-"
FILATEX,EQ,FILATEX INDIA LIMITED,20,"-"
FILATFASH,EQ,FILATEX FASHIONS LIMITED,20,"-"
FINBUD,SM,FINBUD FINANCIAL SERVICES LIMITED,20,"-"
FINCABLES,EQ,FINOLEX CABLES LIMITED,20,"-"
FINEORG,EQ,FINE ORGANIC INDUSTRIES LIMITED,20,"-"
FINIETF,EQ,ICICI PRUDENTIAL MUTUAL FUND - ICICI PRU NIFTY FIN SER EX-BANK ETF,20,"-"
FINKURVE,EQ,FINKURVE FINANCIAL SERVICES LIMITED,20,"-"
FINOPB,EQ,FINO PAYMENTS BANK LIMITED,20,"-"
FINPIPE,EQ,FINOLEX INDUSTRIES LIMITED,20,"-"
FIRSTCRY,EQ,BRAINBEES SOLUTIONS LIMITED,20,"-"
FIVESTAR,EQ,FIVE-STAR BUSINESS FINANCE LIMITED,20,"-"
FLEXIADD,EQ,DSP MUTUAL FUND - DSP NIFTY500 FLEXICAP QUALITY 30 ETF,20,"-"
FLUOROCHEM,EQ,GUJARAT FLUOROCHEMICALS LIMITED,20,"-"
FMCGIETF,EQ,ICICI PRUDENTIAL MUTUAL FUND - ICICI PRUDENTIAL NIFTY FMCG ETF,20,"-"
FMGOETZE,EQ,FEDERAL-MOGUL GOETZE (INDIA) LIMITED.,20,"-"
FOCUS,EQ,FOCUS LIGHTING AND FIXTURES LIMITED,20,"-"
FOODSIN,EQ,FOODS & INNS LIMITED,20,"-"
FORCAS,SM,FORCAS STUDIO LIMITED,20,"-"
FORCEMOT,EQ,FORCE MOTORS LTD,20,"-"
FOSECOIND,EQ,FOSECO INDIA LIMITED,20,"-"
FRESHARA,SM,FRESHARA AGRO EXPORTS LIMITED,20,"-"
FROG,SM,FROG INNOVATIONS LIMITED,20,"-"
FSL,EQ,FIRSTSOURCE SOLUTIONS LIMITED,20,"-"
FUSION,EQ,FUSION FINANCE LIMITED,20,"-"
FWSTC,SM,FLYWINGS SIMULATOR TRAINING CENTRE LIMITED,20,"-"
GABRIEL,EQ,GABRIEL INDIA LIMITED,20,"-"
GAEL,EQ,GUJARAT AMBUJA EXPORTS LIMITED,20,"-"
GAJANAND,SM,GAJANAND INTERNATIONAL LIMITED,20,"-"
GALAPREC,EQ,GALA PRECISION ENGINEERING LIMITED,20,"-"
GALAXYSURF,EQ,GALAXY SURFACTANTS LIMITED,20,"-"
GALLANTT,EQ,GALLANTT ISPAT LIMITED,20,"-"
GANDHAR,EQ,GANDHAR OIL REFINERY (INDIA) LIMITED,20,"-"
GANDHITUBE,EQ,GANDHI SPECIAL TUBES LIMITED,20,"-"
GANECOS,EQ,GANESHA ECOSPHERE LIMITED,20,"-"
GANESHBE,EQ,GANESH BENZOPLAST LIMITED,20,"-"
GANESHCP,EQ,GANESH CONSUMER PRODUCTS LIMITED,20,"-"
GANESHHOU,EQ,GANESH HOUSING LIMITED,20,"-"
GANGABATH,SM,GANGA BATH FITTINGS LIMITED,20,"-"
GANGAFORGE,EQ,GANGA FORGING LIMITED,20,"-"
GANGESSECU,EQ,GANGES SECURITIES LIMITED,20,"-"
GARFIBRES,EQ,GARWARE TECHNICAL FIBRES LIMITED,20,"-"
GARUDA,EQ,GARUDA CONSTRUCTION AND ENGINEERING LIMITED,20,"-"
GATEWAY,EQ,GATEWAY DISTRIPARKS LIMITED,20,"-"
GEECEE,EQ,GEECEE VENTURES LIMITED,20,"-"
GEEKAYWIRE,EQ,GEEKAY WIRES LIMITED,20,"-"
GEMAROMA,EQ,GEM AROMATICS LIMITED,20,"-"
GENCON,EQ,GENERIC ENGINEERING CONSTRUCTION AND PROJECTS LIMITED,20,"-"
GENESYS,EQ,GENESYS INTERNATIONAL CORPORATION LIMITED,20,"-"
GENUSPAPER,EQ,GENUS PAPER & BOARDS LIMITED,20,"-"
GENUSPOWER,EQ,GENUS POWER INFRASTRUCTURES LIMITED,20,"-"
GEOJITFSL,EQ,GEOJIT FINANCIAL SERVICES LIMITED,20,"-"
GESHIP,EQ,THE GREAT EASTERN SHIPPING COMPANY LIMITED,20,"-"
GFLLIMITED,EQ,GFL LIMITED,20,"-"
GGBL,SM,GANESH GREEN BHARAT LIMITED,20,"-"
GHCL,EQ,GHCL LIMITED,20,"-"
GHCLTEXTIL,EQ,GHCL TEXTILES LIMITED,20,"-"
GICHSGFIN,EQ,GIC HOUSING FINANCE LIMITED,20,"-"
GICRE,EQ,GENERAL INSURANCE CORPORATION OF INDIA,20,"-"
GILLANDERS,EQ,GILLANDERS ARBUTHNOT & COMPANY LIMITED,20,"-"
GILLETTE,EQ,GILLETTE INDIA LIMITED,20,"-"
GINNIFILA,EQ,GINNI FILAMENTS LIMITED,20,"-"
GIPCL,EQ,GUJARAT INDUSTRIES POWER COMPANY LIMITED,20,"-"
GKSL,EQ,GUJARAT KIDNEY AND SUPER SPECIALITY LIMITED,20,"-"
GKWLIMITED,EQ,GKW LIMITED,20,"-"
GLAND,EQ,GLAND PHARMA LIMITED,20,"-"
GLAXO,EQ,GLAXOSMITHKLINE PHARMACEUTICALS LIMITED,20,"-"
GLOBALE,EQ,GLOBALE TESSILE LIMITED,20,"-"
GLOBALPET,SM,GLOBAL PET INDUSTRIES LIMITED,20,"-"
GLOBALVECT,EQ,GLOBAL VECTRA HELICORP LIMITED,20,"-"
GLOBE,EQ,GLOBE ENTERPRISES (INDIA) LIMITED,20,"-"
GLOBECIVIL,EQ,GLOBE CIVIL PROJECTS LIMITED,20,"-"
GLOBUSSPR,EQ,GLOBUS SPIRITS LIMITED,20,"-"
GLOSTERLTD,EQ,GLOSTER LIMITED,20,"-"
GLOTTIS,EQ,GLOTTIS LIMITED,20,"-"
GMDCLTD,EQ,GUJARAT MINERAL DEVELOPMENT CORPORATION LIMITED,20,"-"
GMMPFAUDLR,EQ,GMM PFAUDLER LIMITED,20,"-"
GMRP&UI,EQ,GMR POWER AND URBAN INFRA LIMITED,20,"-"
GNA,EQ,GNA AXLES LIMITED,20,"-"
GNFC,EQ,GUJARAT NARMADA VALLEY FERTILIZERS AND CHEMICALS LIMITED,20,"-"
GOACARBON,EQ,GOA CARBON LIMITED,20,"-"
GOCLCORP,EQ,GOCL CORPORATION LIMITED,20,"-"
GOCOLORS,EQ,GO FASHION (INDIA) LIMITED,20,"-"
GODAVARIB,EQ,GODAVARI BIOREFINERIES LIMITED,20,"-"
GODFRYPHLP,EQ,GODFREY PHILLIPS INDIA LIMITED,20,"-"
GODIGIT,EQ,GO DIGIT GENERAL INSURANCE LIMITED,20,"-"
GODREJAGRO,EQ,GODREJ AGROVET LIMITED,20,"-"
GODREJIND,EQ,GODREJ INDUSTRIES LIMITED,20,"-"
GOKEX,EQ,GOKALDAS EXPORTS LIMITED,20,"-"
GOKUL,EQ,GOKUL REFOILS AND SOLVENT LIMITED,20,"-"
GOKULAGRO,EQ,GOKUL AGRO RESOURCES LIMITED,20,"-"
GOLD1,EQ,KOTAK MUTUAL FUND - GOLD EXCHANGE TRADED FUND,20,"-"
GOLD360,EQ,360 ONE MUTUAL FUND - 360 ONE GOLD ETF,20,"-"
GOLDADD,EQ,DSP MUTUAL FUND - DSP GOLD ETF,20,"-"
GOLDBEES,EQ,NIPPON INDIA ETF GOLD BEES,20,"-"
GOLDBETA,EQ,UTI MUTUAL FUND - UTI GOLD EXCHANGE TRADED FUND,20,"-"
GOLDBND,EQ,BANDHAN MUTUAL FUND - BANDHAN GOLD ETF,20,"-"
GOLDCASE,EQ,ZERODHA FUND HOUSE - ZERODHA GOLD ETF,20,"-"
GOLDETF,EQ,MIRAE ASSET MUTUAL FUND - MIRAE ASSET GOLD ETF,20,"-"
GOLDIAM,EQ,GOLDIAM INTERNATIONAL LIMITED,20,"-"
GOLDIETF,EQ,ICICI PRUDENTIAL GOLD ETF,20,"-"
GOLDTECH,EQ,AION-TECH SOLUTIONS LIMITED,20,"-"
GOODLUCK,EQ,GOODLUCK INDIA LIMITED,20,"-"
GOYALSALT,SM,GOYAL SALT LIMITED,20,"-"
GPECO,SM,GP ECO SOLUTIONS INDIA LIMITED,20,"-"
GPIL,EQ,GODAWARI POWER AND ISPAT LIMITED,20,"-"
GPPL,EQ,GUJARAT PIPAVAV PORT LIMITED,20,"-"
GPTHEALTH,EQ,GPT HEALTHCARE LIMITED,20,"-"
GPTINFRA,EQ,GPT INFRAPROJECTS LIMITED,20,"-"
GRANULES,EQ,GRANULES INDIA LIMITED,20,"-"
GRAPHITE,EQ,GRAPHITE INDIA LIMITED,20,"-"
GRAVITA,EQ,GRAVITA INDIA LIMITED,20,"-"
GREAVESCOT,EQ,GREAVES COTTON LIMITED,20,"-"
GREENCHEF,SM,GREENCHEF APPLIANCES LIMITED,20,"-"
GREENLAM,EQ,GREENLAM INDUSTRIES LIMITED,20,"-"
GREENLEAF,SM,GREENLEAF ENVIROTECH LIMITED,20,"-"
GREENPANEL,EQ,GREENPANEL INDUSTRIES LIMITED,20,"-"
GREENPLY,EQ,GREENPLY INDUSTRIES LIMITED,20,"-"
GREENPOWER,EQ,ORIENT GREEN POWER COMPANY LIMITED,20,"-"
GRINDWELL,EQ,GRINDWELL NORTON LIMITED,20,"-"
GRINFRA,EQ,G R INFRAPROJECTS LIMITED,20,"-"
GRMOVER,EQ,GRM OVERSEAS LIMITED,20,"-"
GROBTEA,EQ,THE GROB TEA COMPANY LIMITED,20,"-"
GROWW,EQ,BILLIONBRAINS GARAGE VENTURES LIMITED,20,"-"
GROWWCAPM,EQ,GROWW MUTUAL FUND - GROWW NIFTY CAPITAL MARKETS ETF,20,"-"
GROWWCHEM,EQ,GROWW MUTUAL FUND - GROWW NIFTY CHEMICALS ETF,20,"-"
GROWWDEFNC,EQ,GROWW MUTUAL FUND - GROWW NIFTY INDIA DEFENCE ETF,20,"-"
GROWWEV,EQ,GROWW MUTUAL FUND - GROWW NIFTY EV & NEW AGE AUTOMOTIVE ETF,20,"-"
GROWWGOLD,EQ,GROWW MUTUAL FUND - GROWW GOLD ETF,20,"-"
GROWWLOVOL,EQ,GROWW MUTUAL FUND - GROWW NIFTY 500 LOW VOLATILITY 50 ETF,20,"-"
GROWWMC150,EQ,GROWW MUTUAL FUND - GROWW NIFTY MIDCAP 150 ETF,20,"-"
GROWWMETAL,EQ,GROWW MUTUAL FUND - GROWW NIFTY METAL ETF,20,"-"
GROWWMOM50,EQ,GROWW MUTUAL FUND - GROWW NIFTY 500 MOMENTUM 50 ETF,20,"-"
GROWWN200,EQ,GROWW MUTUAL FUND - GROWW NIFTY 200 ETF,20,"-"
GROWWNET,EQ,GROWW MUTUAL FUND - GROWW NIFTY INDIA INTERNET ETF,20,"-"
GROWWNIFTY,EQ,GROWW MUTUAL FUND - GROWW NIFTY 50 ETF,20,"-"
GROWWNXT50,EQ,GROWW MUTUAL FUND - GROWW NIFTY NEXT 50 ETF,20,"-"
GROWWPOWER,EQ,GROWW MUTUAL FUND - GROWW BSE POWER ETF,20,"-"
GROWWRAIL,EQ,GROWW MUTUAL FUND - GROWW NIFTY INDIA RAILWAYS PSU ETF,20,"-"
GROWWRLTY,EQ,GROWW MUTUAL FUND - GROWW NIFTY REALTY ETF,20,"-"
GROWWSC250,EQ,GROWW MUTUAL FUND - GROWW NIFTY SMALLCAP 250 ETF,20,"-"
GROWWSLVR,EQ,GROWW MUTUAL FUND - GROWW SILVER ETF,20,"-"
GRPLTD,EQ,GRP LIMITED,20,"-"
GRSE,EQ,GARDEN REACH SHIPBUILDERS & ENGINEERS LIMITED,20,"-"
GRWRHITECH,EQ,GARWARE HI-TECH FILMS LIMITED,20,"-"
GSEC10ABSL,EQ,ADITYABIRLASUNLIFEMF - ADITYA BIRLA SUN LIFE CRISIL 10 YEAR GILT ETF,20,"-"
GSFC,EQ,GUJARAT STATE FERTILIZERS & CHEMICALS LIMITED,20,"-"
GSPL,EQ,GUJARAT STATE PETRONET LIMITED,20,"-"
GSS,EQ,GSS INFOTECH LIMITED,20,"-"
GTECJAINX,EQ,G-TEC JAINX EDUCATION LIMITED,20,"GSM STAGE - 0"
GTL,EQ,GTL LIMITED,20,"GSM STAGE - 0"
GTLINFRA,EQ,GTL INFRASTRUCTURE LIMITED,20,"-"
GTPL,EQ,GTPL HATHWAY LIMITED,20,"-"
GUFICBIO,EQ,GUFIC BIOSCIENCES LIMITED,20,"-"
GUJALKALI,EQ,GUJARAT ALKALIES AND CHEMICALS LIMITED,20,"-"
GUJAPOLLO,EQ,GUJARAT APOLLO INDUSTRIES LIMITED,20,"-"
GUJGASLTD,EQ,GUJARAT GAS LIMITED,20,"-"
GUJTHEM,EQ,GUJARAT THEMIS BIOSYN LIMITED,20,"-"
GULFOILLUB,EQ,GULF OIL LUBRICANTS INDIA LIMITED,20,"-"
GULFPETRO,EQ,GP PETROLEUMS LIMITED,20,"-"
GULPOLY,EQ,GULSHAN POLYOLS LIMITED,20,"-"
GVPIL,EQ,GE POWER INDIA LIMITED,20,"-"
GVPTECH,EQ,GVP INFOTECH LIMITED,20,"-"
GVPTECHPP,E1,GVP INFOTECH LIMITED,20,"-"
GVT&D,EQ,GE VERNOVA T&D INDIA LIMITED,20,"-"
HAPPSTMNDS,EQ,HAPPIEST MINDS TECHNOLOGIES LIMITED,20,"-"
HARIOMPIPE,EQ,HARIOM PIPE INDUSTRIES LIMITED,20,"-"
HARRMALAYA,EQ,HARRISONS  MALAYALAM LIMITED,20,"-"
HARSHA,EQ,HARSHA ENGINEERS INTERNATIONAL LIMITED,20,"-"
HATHWAY,EQ,HATHWAY CABLE & DATACOM LIMITED,20,"-"
HATSUN,EQ,HATSUN AGRO PRODUCT LIMITED,20,"-"
HAVISHA,EQ,SRI HAVISHA HOSPITALITY AND INFRASTRUCTURE LIMITED,20,"-"
HBLENGINE,EQ,HBL ENGINEERING LIMITED,20,"-"
HCC,EQ,HINDUSTAN CONSTRUCTION COMPANY LIMITED,20,"-"
HCG,EQ,HEALTHCARE GLOBAL ENTERPRISES LIMITED,20,"-"
HCL-INSYS,EQ,HCL INFOSYSTEMS LIMITED,20,"GSM STAGE - 0"
HDBFS,EQ,HDB FINANCIAL SERVICES LIMITED,20,"-"
HDFCBSE500,EQ,HDFC MUTUAL FUND - HDFC S&P BSE 500 ETF,20,"-"
HDFCGOLD,EQ,HDFC MUTUAL FUND-HDFC GOLD EXCHANGE TRADED FUND,20,"-"
HDFCGROWTH,EQ,HDFC MUTUAL FUND - HDFC NIFTY GROWTH SECTORS 15 ETF,20,"-"
HDFCLOWVOL,EQ,HDFC MUTUAL FUND - HDFC NIFTY100 LOW VOLATILITY 30 ETF,20,"-"
HDFCMID150,EQ,HDFC MUTUAL FUND - HDFC NIFTY MIDCAP 150 ETF,20,"-"
HDFCMOMENT,EQ,HDFC MUTUAL FUND - HDFC NIFTY200 MOMENTUM 30 ETF,20,"-"
HDFCNEXT50,EQ,HDFC MUTUAL FUND - HDFC NIFTY NEXT 50 ETF,20,"-"
HDFCNIF100,EQ,HDFC MUTUAL FUND - HDFC NIFTY 100 ETF,20,"-"
HDFCNIFBAN,EQ,HDFC NIFTY BANK ETF,20,"-"
HDFCNIFIT,EQ,HDFC MUTUAL FUND - HDFC NIFTY IT ETF,20,"-"
HDFCNIFTY,EQ,HDFC NIFTY 50 ETF,20,"-"
HDFCPSUBK,EQ,HDFC MUTUAL FUND -HDFC NIFTY PSU BANK ETF,20,"-"
HDFCPVTBAN,EQ,HDFC MUTUAL FUND - HDFC NIFTY PRIVATE BANK ETF,20,"-"
HDFCQUAL,EQ,HDFC MUTUAL FUND - HDFC NIFTY100 QUALITY 30 ETF,20,"-"
HDFCSENSEX,EQ,HDFC S&P BSE SENSEX ETF,20,"-"
HDFCSILVER,EQ,HDFC MUTUAL FUND - HDFC SILVER ETF,20,"-"
HDFCSML250,EQ,HDFC MUTUAL FUND - HDFC NIFTY SMALLCAP 250 ETF,20,"-"
HDFCVALUE,EQ,HDFC MUTUAL FUND - HDFC NIFTY50 VALUE 20 ETF,20,"-"
HEADSUP,EQ,HEADS UP VENTURES LIMITED,20,"-"
HEALTHADD,EQ,DSP MUTUAL FUND - DSP NIFTY HEALTHCARE ETF,20,"-"
HEALTHIETF,EQ,ICICI PRUDENTIAL MUTUAL FUND - ICICI PRUDENTIAL NIFTY HEALTHCARE ETF,20,"-"
HEALTHY,EQ,ADITYA BIRLA SUN LIFE MF-ADITYA BIRLA SUN LIFE NIFTY HEALTHCARE ETF,20,"-"
HECPROJECT,EQ,HEC INFRA PROJECTS LIMITED,20,"-"
HEG,EQ,HEG LIMITED,20,"-"
HEIDELBERG,EQ,HEIDELBERGCEMENT INDIA LIMITED,20,"-"
HEMIPROP,EQ,HEMISPHERE PROPERTIES INDIA LIMITED,20,"-"
HERANBA,EQ,HERANBA INDUSTRIES LIMITED,20,"-"
HERITGFOOD,EQ,HERITAGE FOODS LIMITED,20,"-"
HESTERBIO,EQ,HESTER BIOSCIENCES LIMITED,20,"-"
HEXT,EQ,HEXAWARE TECHNOLOGIES LIMITED,20,"-"
HFCL,EQ,HFCL LIMITED,20,"-"
HGINFRA,EQ,H.G. INFRA ENGINEERING LIMITED,20,"-"
HGS,EQ,HINDUJA GLOBAL SOLUTIONS LIMITED,20,"-"
HIGREEN,SM,HI-GREEN CARBON LIMITED,20,"-"
HIKAL,EQ,HIKAL LIMITED,20,"-"
HILINFRA,EQ,HIGHWAY INFRASTRUCTURE LIMITED,20,"-"
HILTON,EQ,HILTON METAL FORGING LIMITED,20,"-"
HIMATSEIDE,EQ,HIMATSINGKA SEIDE LIMITED,20,"-"
HINDCOMPOS,EQ,HINDUSTAN COMPOSITES LIMITED,20,"-"
HINDCON,EQ,HINDCON CHEMICALS LIMITED,20,"-"
HINDCOPPER,EQ,HINDUSTAN COPPER LIMITED,20,"-"
HINDOILEXP,EQ,HINDUSTAN OIL EXPLORATION COMPANY LIMITED,20,"-"
HINDWAREAP,EQ,HINDWARE HOME INNOVATION LIMITED,20,"-"
HISARMETAL,EQ,HISAR METAL INDUSTRIES LIMITED,20,"-"
HITECH,EQ,HI-TECH PIPES LIMITED,20,"-"
HITECHCORP,EQ,HITECH CORPORATION LIMITED,20,"-"
HLEGLAS,EQ,HLE GLASCOAT LIMITED,20,"-"
HLVLTD,EQ,HLV LIMITED,20,"-"
HMVL,EQ,HINDUSTAN MEDIA VENTURES LIMITED,20,"-"
HNDFDS,EQ,HINDUSTAN FOODS LIMITED,20,"-"
HNGSNGBEES,EQ,NIPPON INDIA ETF HANG SENG BEES,20,"-"
HOMEFIRST,EQ,HOME FIRST FINANCE COMPANY INDIA LIMITED,20,"-"
HONASA,EQ,HONASA CONSUMER LIMITED,20,"-"
HONAUT,EQ,HONEYWELL AUTOMATION INDIA LIMITED,20,"-"
HONDAPOWER,EQ,HONDA INDIA POWER PRODUCTS LIMITED,20,"-"
HPAL,EQ,HP ADHESIVES LIMITED,20,"-"
HPIL,EQ,HINDPRAKASH INDUSTRIES LIMITED,20,"-"
HPL,EQ,HPL ELECTRIC & POWER LIMITED,20,"-"
HSCL,EQ,HIMADRI SPECIALITY CHEMICAL LIMITED,20,"-"
HTMEDIA,EQ,HT MEDIA LIMITED,20,"-"
HUBTOWN,EQ,HUBTOWN LIMITED,20,"-"
HUHTAMAKI,EQ,HUHTAMAKI INDIA LIMITED,20,"-"
ICEMAKE,EQ,ICE MAKE REFRIGERATION LIMITED,20,"-"
ICICIB22,EQ,ICICI PRUDENTIAL MUTUAL FUND - BHARAT 22 ETF,20,"-"
ICIL,EQ,INDO COUNT INDUSTRIES LIMITED,20,"-"
ICRA,EQ,ICRA LIMITED,20,"-"
IDBI,EQ,IDBI BANK LIMITED,20,"-"
IDEAFORGE,EQ,IDEAFORGE TECHNOLOGY LIMITED,20,"-"
IDEALTECHO,SM,IDEAL TECHNOPLAST INDUSTRIES LIMITED,20,"-"
IDFNIFTYET,EQ,BANDHAN NIFTY 50 ETF,20,"-"
IEML,SM,INDIAN EMULSIFIERS LIMITED,20,"-"
IFBIND,EQ,IFB INDUSTRIES LIMITED,20,"-"
IFCI,EQ,IFCI LIMITED,20,"-"
IFGLEXPOR,EQ,IFGL REFRACTORIES LIMITED,20,"-"
IGARASHI,EQ,IGARASHI MOTORS INDIA LIMITED,20,"-"
IGCL,EQ,INDOGULF CROPSCIENCES LIMITED,20,"-"
IGL,EQ,INDRAPRASTHA GAS LIMITED,20,"-"
IGPL,EQ,IG PETROCHEMICALS LIMITED,20,"-"
IIFL,EQ,IIFL FINANCE LIMITED,20,"-"
IIFLCAPS,EQ,IIFL CAPITAL SERVICES LIMITED,20,"-"
IITL,EQ,INDUSTRIAL INVESTMENT TRUST LIMITED,20,"-"
IKIO,EQ,IKIO TECHNOLOGIES LIMITED,20,"-"
IKS,EQ,INVENTURUS KNOWLEDGE SOLUTIONS LIMITED,20,"-"
IMAGICAA,EQ,IMAGICAAWORLD ENTERTAINMENT LIMITED,20,"-"
IMFA,EQ,INDIAN METALS & FERRO ALLOYS LIMITED,20,"-"
IMPAL,EQ,INDIA MOTOR PARTS AND ACCESSORIES LIMITED,20,"-"
INCREDIBLE,EQ,INCREDIBLE INDUSTRIES LIMITED,20,"-"
INDBANK,EQ,INDBANK MERCHANT BANKING SERVICES LIMITED,20,"-"
INDGN,EQ,INDEGENE LIMITED,20,"-"
INDIAGLYCO,EQ,INDIA GLYCOLS LIMITED,20,"-"
INDIAMART,EQ,INDIAMART INTERMESH LIMITED,20,"-"
INDIANCARD,EQ,INDIAN CARD CLOTHING COMPANY LIMITED,20,"-"
INDIANHUME,EQ,INDIAN HUME PIPE COMPANY LIMITED,20,"-"
INDIASHLTR,EQ,INDIA SHELTER FINANCE CORPORATION LIMITED,20,"-"
INDIGOPNTS,EQ,INDIGO PAINTS LIMITED,20,"-"
INDIGRID,IV,INDIGRID INFRASTRUCTURE TRUST,20,"-"
INDIQUBE,EQ,INDIQUBE SPACES LIMITED,20,"-"
INDNIPPON,EQ,INDIA NIPPON ELECTRICALS LIMITED,20,"-"
INDOAMIN,EQ,INDO AMINES LIMITED,20,"-"
INDOBORAX,EQ,INDO BORAX & CHEMICALS LIMITED,20,"-"
INDOCO,EQ,INDOCO REMEDIES LIMITED,20,"-"
INDOFARM,EQ,INDO FARM EQUIPMENT LIMITED,20,"-"
INDORAMA,EQ,INDO RAMA SYNTHETICS (INDIA) LIMITED,20,"-"
INDOSTAR,EQ,INDOSTAR CAPITAL FINANCE LIMITED,20,"-"
INDOTECH,EQ,INDO TECH TRANSFORMERS LIMITED,20,"-"
INDOUS,EQ,INDO US BIOTECH LIMITED,20,"-"
INDOWIND,EQ,INDOWIND ENERGY LIMITED,20,"-"
INDRAMEDCO,EQ,INDRAPRASTHA MEDICAL CORPORATION LIMITED,20,"-"
INDSWFTLAB,EQ,IND-SWIFT LABORATORIES LIMITED,20,"-"
INDTERRAIN,EQ,INDIAN TERRAIN FASHIONS LIMITED,20,"-"
INDUSINVIT,IV,INDUS INFRA TRUST,20,"-"
INFLUX,SM,INFLUX HEALTHTECH LIMITED,20,"-"
INFOBEAN,EQ,INFOBEANS TECHNO. LTD.,20,"-"
INFOLLION,SM,INFOLLION RESEARCH SERVICES LIMITED,20,"-"
INFRABEES,EQ,NIPPON INDIA ETF NIFTY INFRASTRUCTURE BEES,20,"-"
INFRAIETF,EQ,ICICI PRUDENTIAL MUTUAL FUND-ICICI PRUDENTIAL NIFTY INFRASTRUCTURE ETF,20,"-"
INGERRAND,EQ,INGERSOLL RAND (INDIA) LIMITED,20,"-"
INM,SM,INTERIORS & MORE LIMITED,20,"-"
INNOVACAP,EQ,INNOVA CAPTAB LIMITED,20,"-"
INNOVANA,EQ,INNOVANA THINKLABS LIMITED,20,"-"
INOXGREEN,EQ,INOX GREEN ENERGY SERVICES LIMITED,20,"-"
INOXINDIA,EQ,INOX INDIA LIMITED,20,"-"
INSECTICID,EQ,INSECTICIDES (INDIA) LIMITED,20,"-"
INSPIRE,SM,INSPIRE FILMS LIMITED,20,"-"
INSPIRISYS,EQ,INSPIRISYS SOLUTIONS LIMITED,20,"-"
INTELLECT,EQ,INTELLECT DESIGN ARENA LIMITED,20,"-"
INTERARCH,EQ,INTERARCH BUILDING SOLUTIONS LIMITED,20,"-"
INTERISE,IV,INTERISE TRUST,20,"-"
INTERNET,EQ,MIRAE ASSET MUTUAL FUND - MIRAE ASSET NIFTY INDIA INTERNET ETF,20,"-"
INTLCONV,EQ,INTERNATIONAL CONVEYORS LIMITED,20,"-"
INVENTURE,EQ,INVENTURE GROWTH & SECURITIES LIMITED,20,"-"
INVICTA,SM,INVICTA DIAGNOSTIC LIMITED,20,"-"
IOB,EQ,INDIAN OVERSEAS BANK,20,"-"
IOLCP,EQ,IOL CHEMICALS AND PHARMACEUTICALS LIMITED,20,"-"
IONEXCHANG,EQ,ION EXCHANGE (INDIA) LIMITED,20,"-"
IPCALAB,EQ,IPCA LABORATORIES LIMITED,20,"-"
IPL,EQ,INDIA PESTICIDES LIMITED,20,"-"
IPSL,SM,INTEGRATED PERSONNEL SERVICES LIMITED,20,"-"
IRB,EQ,IRB INFRASTRUCTURE DEVELOPERS LIMITED,20,"-"
IRBINVIT,IV,IRB INVIT FUND,20,"-"
IRBIT,IV,IRB INFRASTRUCTURE TRUST,20,"-"
IRCON,EQ,IRCON INTERNATIONAL LIMITED,20,"-"
IRIS,EQ,IRIS REGTECH SOLUTIONS LIMITED,20,"-"
IRISDOREME,EQ,IRIS CLOTHINGS LIMITED,20,"-"
IRMENERGY,EQ,IRM ENERGY LIMITED,20,"-"
ISFT,EQ,INTRASOFT TECHNOLOGIES LIMITED,20,"-"
ISGEC,EQ,ISGEC HEAVY ENGINEERING LIMITED,20,"-"
IT,EQ,KOTAK NIFTY IT ETF,20,"-"
ITADD,EQ,DSP MUTUAL FUND - DSP NIFTY IT ETF,20,"-"
ITALIANE,SM,ITALIAN EDIBLES LIMITED,20,"-"
ITBEES,EQ,NIPPON LIFE INDIA ASSET MANAGEMENT LIMITED,20,"-"
ITBETA,EQ,UTI MUTUAL FUND - UTI NIFTY IT ETF,20,"-"
ITCHOTELS,EQ,ITC HOTELS LIMITED,20,"-"
ITDC,EQ,INDIA TOURISM DEVELOPMENT CORPORATION LIMITED,20,"-"
ITETF,EQ,MIRAE ASSET MUTUAL FUND - MIRAE ASSET NIFTY IT ETF,20,"-"
ITI,EQ,ITI LIMITED,20,"-"
ITIETF,EQ,ICICI PRUDENTIAL MUTUAL FUND - ICICI PRUDENTIAL NIFTY IT ETF,20,"-"
IVALUE,EQ,IVALUE INFOSOLUTIONS LIMITED,20,"-"
IVC,EQ,IL&FS INVESTMENT MANAGERS LIMITED,20,"-"
IVP,EQ,IVP LIMITED,20,"-"
IVZINGOLD,EQ,INVESCO INDIA GOLD EXCHANGE TRADED FUND,20,"-"
IVZINNIFTY,EQ,INVESCO INDIA NIFTY EXCHANGE TRADED FUND,20,"-"
IXIGO,EQ,LE TRAVENUES TECHNOLOGY LIMITED,20,"-"
J&KBANK,EQ,THE JAMMU & KASHMIR BANK LIMITED,20,"-"
JAGRAN,EQ,JAGRAN PRAKASHAN LIMITED,20,"-"
JAGSNPHARM,EQ,JAGSONPAL PHARMACEUTICALS LIMITED,20,"-"
JAIBALAJI,EQ,JAI BALAJI INDUSTRIES LIMITED,20,"-"
JAICORPLTD,EQ,JAI CORP LIMITED,20,"-"
JAINREC,EQ,JAIN RESOURCE RECYCLING LIMITED,20,"-"
JAMNAAUTO,EQ,JAMNA AUTO INDUSTRIES LIMITED,20,"-"
JARO,EQ,JARO INSTITUTE OF TECHNOLOGY MANAGEMENT AND RESEARCH LIMITED,20,"-"
JASH,EQ,JASH ENGINEERING LIMITED,20,"-"
JAYAGROGN,EQ,JAYANT AGRO ORGANICS LIMITED,20,"-"
JAYBARMARU,EQ,JAY BHARAT MARUTI LIMITED,20,"-"
JAYBEE,SM,JAY BEE LAMINATIONS LIMITED,20,"-"
JAYESH,SM,JAYESH LOGISTICS LIMITED,20,"-"
JAYKAY,EQ,JAYKAY ENTERPRISES LIMITED,20,"-"
JAYSREETEA,EQ,JAYSHREE TEA & INDUSTRIES LIMITED,20,"-"
JBCHEPHARM,EQ,JB CHEMICALS & PHARMACEUTICALS LIMITED,20,"-"
JBMA,EQ,JBM AUTO LIMITED,20,"-"
JGCHEM,EQ,J.G.CHEMICALS LIMITED,20,"-"
JHS,EQ,JHS SVENDGAARD LABORATORIES LIMITED,20,"-"
JINDALPHOT,EQ,JINDAL PHOTO LIMITED,20,"-"
JINDALPOLY,EQ,JINDAL POLY FILMS LIMITED,20,"-"
JINDALSAW,EQ,JINDAL SAW LIMITED,20,"-"
JINDRILL,EQ,JINDAL DRILLING AND INDUSTRIES LIMITED,20,"-"
JINDWORLD,EQ,JINDAL WORLDWIDE LIMITED,20,"-"
JISLDVREQS,EQ,JAIN IRRIGATION SYSTEMS LIMITED,20,"-"
JISLJALEQS,EQ,JAIN IRRIGATION SYSTEMS LIMITED,20,"-"
JIWANRAM,SM,JIWANRAM SHEODUTTRAI INDUSTRIES LIMITED,20,"-"
JKCEMENT,EQ,JK CEMENT LIMITED,20,"-"
JKIL,EQ,J.KUMAR INFRAPROJECTS LIMITED,20,"-"
JKIPL,EQ,JINKUSHAL INDUSTRIES LIMITED,20,"-"
JKLAKSHMI,EQ,JK LAKSHMI CEMENT LIMITED,20,"-"
JKPAPER,EQ,JK PAPER LIMITED,20,"-"
JKTYRE,EQ,JK TYRE & INDUSTRIES LIMITED,20,"-"
JLHL,EQ,JUPITER LIFE LINE HOSPITALS LIMITED,20,"-"
JMA,EQ,JULLUNDUR MOTOR AGENCY (DELHI) LIMITED,20,"-"
JMFINANCIL,EQ,JM FINANCIAL LIMITED,20,"-"
JNKINDIA,EQ,JNK INDIA LIMITED,20,"-"
JOCIL,EQ,JOCIL LIMITED,20,"-"
JPOLYINVST,EQ,JINDAL POLY INVESTMENT AND FINANCE COMPANY LIMITED,20,"-"
JPPOWER,EQ,JAIPRAKASH POWER VENTURES LIMITED,20,"-"
JSFB,EQ,JANA SMALL FINANCE BANK LIMITED,20,"-"
JSL,EQ,JINDAL STAINLESS LIMITED,20,"-"
JSLL,EQ,JEENA SIKHO LIFECARE LIMITED,20,"-"
JSWCEMENT,EQ,JSW CEMENT LIMITED,20,"-"
JTEKTINDIA,EQ,JTEKT INDIA LIMITED,20,"-"
JUBLCPL,EQ,JUBILANT AGRI AND CONSUMER PRODUCTS LIMITED,20,"-"
JUBLINGREA,EQ,JUBILANT INGREVIA LIMITED,20,"-"
JUBLPHARMA,EQ,JUBILANT PHARMOVA LIMITED,20,"-"
JUNIORBEES,EQ,NIPPON INDIA ETF NIFTY NEXT 50 JUNIOR BEES,20,"-"
JUSTDIAL,EQ,JUST DIAL LIMITED,20,"-"
JWL,EQ,JUPITER WAGONS LIMITED,20,"-"
JYOTHYLAB,EQ,JYOTHY LABS LIMITED,20,"-"
JYOTICNC,EQ,JYOTI CNC AUTOMATION LIMITED,20,"-"
JYOTIGLOBL,SM,JYOTI GLOBAL PLAST LIMITED,20,"-"
JYOTISTRUC,EQ,JYOTI STRUCTURES LIMITED,20,"-"
KABRAEXTRU,EQ,KABRA EXTRUSION TECHNIK LIMITED,20,"-"
KAJARIACER,EQ,KAJARIA CERAMICS LIMITED,20,"-"
KAKATCEM,EQ,KAKATIYA CEMENT SUGAR & INDUSTRIES LIMITED,20,"-"
KALAMANDIR,EQ,SAI SILKS (KALAMANDIR) LIMITED,20,"-"
KALANA,SM,KALANA ISPAT LIMITED,20,"-"
KALYANIFRG,EQ,KALYANI FORGE LIMITED,20,"-"
KAMATHOTEL,EQ,KAMAT HOTELS (I) LIMITED,20,"-"
KAMDHENU,EQ,KAMDHENU LIMITED,20,"-"
KAMOPAINTS,EQ,KAMDHENU VENTURES LIMITED,20,"-"
KANANIIND,EQ,KANANI INDUSTRIES LIMITED,20,"-"
KANORICHEM,EQ,KANORIA CHEMICALS & INDUSTRIES LIMITED,20,"-"
KANPRPLA,EQ,KANPUR PLASTIPACK LIMITED,20,"-"
KANSAINER,EQ,KANSAI NEROLAC PAINTS LIMITED,20,"-"
KARURVYSYA,EQ,KARUR VYSYA BANK LIMITED,20,"-"
KATARIA,SM,KATARIA INDUSTRIES LIMITED,20,"-"
KAYTEX,SM,KAYTEX FABRICS LIMITED,20,"-"
KCK,SM,KCK INDUSTRIES LIMITED,20,"-"
KCP,EQ,KCP LIMITED,20,"-"
KCPSUGIND,EQ,KCP SUGAR AND INDUSTRIES CORPORATION LIMITED,20,"-"
KDDL,EQ,KDDL LIMITED,20,"-"
KEC,EQ,KEC INTERNATIONAL LIMITED,20,"-"
KECL,EQ,KIRLOSKAR ELECTRIC COMPANY LIMITED,20,"-"
KEEPLEARN,EQ,DSJ KEEP LEARNING LIMITED,20,"GSM STAGE - 0"
KEL,SM,KUNDAN EDIFICE LIMITED,20,"-"
KELLTONTEC,EQ,KELLTON TECH SOLUTIONS LIMITED,20,"-"
KEN,SM,KEN ENTERPRISES LIMITED,20,"-"
KERNEX,EQ,KERNEX MICROSYSTEMS (INDIA) LIMITED,20,"-"
KEYFINSERV,EQ,KEYNOTE FINANCIAL SERVICES LIMITED,20,"-"
KHADIM,EQ,KHADIM INDIA LIMITED,20,"-"
KHAICHEM,EQ,KHAITAN CHEMICALS & FERTILIZERS LIMITED,20,"-"
KHAITANLTD,EQ,KHAITAN (INDIA) LIMITED,20,"-"
KHANDSE,EQ,KHANDWALA SECURITIES LIMITED,20,"-"
KHFM,SM,KHFM HOSPITALITY AND FACILITY MANAGEMENT SERVICES LIMITED,20,"-"
KICL,EQ,KALYANI INVESTMENT COMPANY LIMITED,20,"-"
KILITCH,EQ,KILITCH DRUGS (INDIA) LIMITED,20,"-"
KIMS,EQ,KRISHNA INSTITUTE OF MEDICAL SCIENCES LIMITED,20,"-"
KIRIINDUS,EQ,KIRI INDUSTRIES LIMITED,20,"-"
KIRLOSBROS,EQ,KIRLOSKAR BROTHERS LIMITED,20,"-"
KIRLOSENG,EQ,KIRLOSKAR OIL ENGINES LIMITED,20,"-"
KIRLOSIND,EQ,KIRLOSKAR INDUSTRIES LIMITED,20,"-"
KIRLPNU,EQ,KIRLOSKAR PNEUMATIC COMPANY LIMITED,20,"-"
KITEX,EQ,KITEX GARMENTS LIMITED,20,"-"
KKCL,EQ,KEWAL KIRAN CLOTHING LIMITED,20,"-"
KKJEWELS,SM,KABRA JEWELS LIMITED,20,"-"
KLL,SM,KAUSHALYA LOGISTICS LIMITED,20,"-"
KMEW,EQ,KNOWLEDGE MARINE & ENGINEERING WORKS LIMITED,20,"-"
KMSUGAR,EQ,K.M.SUGAR MILLS LIMITED,20,"-"
KNAGRI,EQ,KN AGRI RESOURCES LIMITED,20,"-"
KNRCON,EQ,KNR CONSTRUCTIONS LIMITED,20,"-"
KOHINOOR,EQ,KOHINOOR FOODS LIMITED,20,"-"
KOKUYOCMLN,EQ,KOKUYO CAMLIN LIMITED,20,"-"
KOLTEPATIL,EQ,KOLTE - PATIL DEVELOPERS LIMITED,20,"-"
KONTOR,SM,KONTOR SPACE LIMITED,20,"-"
KOPRAN,EQ,KOPRAN LIMITED,20,"-"
KOTARISUG,EQ,KOTHARI SUGARS AND CHEMICALS LIMITED,20,"-"
KOTHARIPET,EQ,KOTHARI PETROCHEMICALS LIMITED,20,"-"
KOTHARIPRO,EQ,KOTHARI PRODUCTS LIMITED,20,"-"
KPEL,EQ,K.P. ENERGY LIMITED,20,"-"
KPIGREEN,EQ,KPI GREEN ENERGY LIMITED,20,"-"
KPIL,EQ,KALPATARU PROJECTS INTERNATIONAL LIMITED,20,"-"
KPRMILL,EQ,K.P.R. MILL LIMITED,20,"-"
KRBL,EQ,KRBL LIMITED,20,"-"
KREBSBIO,EQ,KREBS BIOCHEMICALS AND INDUSTRIES LIMITED,20,"-"
KRIDHANINF,EQ,KRIDHAN INFRA LIMITED,20,"-"
KRISHANA,EQ,KRISHANA PHOSCHEM LIMITED,20,"-"
KRISHCA,SM,KRISHCA STRAPPING SOLUTIONS LIMITED,20,"-"
KRISHNADEF,EQ,KRISHNA DEFENCE AND ALLIED INDUSTRIES LIMITED,20,"-"
KRITI,EQ,KRITI INDUSTRIES (INDIA) LIMITED,20,"-"
KRITIKA,EQ,KRITIKA WIRES LIMITED,20,"-"
KRITINUT,EQ,KRITI NUTRIENTS LIMITED,20,"-"
KRN,EQ,KRN HEAT EXCHANGER AND REFRIGERATION LIMITED,20,"-"
KRONOX,EQ,KRONOX LAB SCIENCES LIMITED,20,"-"
KROSS,EQ,KROSS LIMITED,20,"-"
KRSNAA,EQ,KRSNAA DIAGNOSTICS LIMITED,20,"-"
KRT,RR,KNOWLEDGE REALTY TRUST,20,"-"
KRYSTAL,EQ,KRYSTAL INTEGRATED SERVICES LIMITED,20,"-"
KSB,EQ,KSB LIMITED,20,"-"
KSCL,EQ,KAVERI SEED COMPANY LIMITED,20,"-"
KSHINTL,EQ,KSH INTERNATIONAL LIMITED,20,"-"
KSHITIJPOL,EQ,KSHITIJ POLYLINE LIMITED,20,"-"
KSL,EQ,KALYANI STEELS LIMITED,20,"-"
KSOLVES,EQ,KSOLVES INDIA LIMITED,20,"-"
KTKBANK,EQ,THE KARNATAKA BANK LIMITED,20,"-"
KUANTUM,EQ,KUANTUM PAPERS LIMITED,20,"-"
LAGNAM,EQ,LAGNAM SPINTEX LIMITED,20,"-"
LAKSHYA,SM,LAKSHYA POWERTECH LIMITED,20,"-"
LAL,EQ,LORENZINI APPARELS LIMITED,20,"-"
LALPATHLAB,EQ,DR. LAL PATH LABS LTD.,20,"-"
LAMBODHARA,EQ,LAMBODHARA TEXTILES LIMITED,20,"-"
LAMOSAIC,SM,LAMOSAIC INDIA LIMITED,20,"-"
LANDMARK,EQ,LANDMARK CARS LIMITED,20,"-"
LAOPALA,EQ,LA OPALA RG LIMITED,20,"-"
LATENTVIEW,EQ,LATENT VIEW ANALYTICS LIMITED,20,"-"
LAXMICOT,EQ,LAXMI COTSPIN LIMITED,20,"-"
LAXMIDENTL,EQ,LAXMI DENTAL LIMITED,20,"-"
LAXMIINDIA,EQ,LAXMI INDIA FINANCE LIMITED,20,"-"
LEMERITE,EQ,LE MERITE EXPORTS LIMITED,20,"-"
LEMONTREE,EQ,LEMON TREE HOTELS LIMITED,20,"-"
LENSKART,EQ,LENSKART SOLUTIONS LIMITED,20,"-"
LFIC,EQ,LAKSHMI FINANCE & INDUSTRIAL CORPORATION LIMITED,20,"-"
LGBBROSLTD,EQ,LG BALAKRISHNAN & BROS LIMITED,20,"-"
LIBAS,EQ,LIBAS CONSUMER PRODUCTS LIMITED,20,"-"
LIBERTSHOE,EQ,LIBERTY SHOES LIMITED,20,"-"
LICMFGOLD,EQ,LIC MF GOLD EXCHANGE TRADED FUND,20,"-"
LICNETFN50,EQ,LIC MF - LIC MF EXCHANGE TRADED FUND - NIFTY 50,20,"-"
LICNETFSEN,EQ,LIC MUTUAL FUND - LIC MF EXCHANGE TRADED FUND - SENSEX,20,"-"
LICNFNHGP,EQ,LIC MF - LIC MF ETF - NIFTY 100,20,"-"
LICNMID100,EQ,LIC MUTUAL FUND - LIC MF NIFTY MIDCAP 100 ETF,20,"-"
LIKHITHA,EQ,LIKHITHA INFRASTRUCTURE LIMITED,20,"-"
LINC,EQ,LINC LIMITED,20,"-"
LINCOLN,EQ,LINCOLN PHARMACEUTICALS LIMITED,20,"-"
LINDEINDIA,EQ,LINDE INDIA LIMITED,20,"-"
LLOYDS,SM,LLOYDS LUXURIES LIMITED,20,"-"
LLOYDSENGG,EQ,LLOYDS ENGINEERING WORKS LIMITED,20,"-"
LLOYDSENT,EQ,LLOYDS ENTERPRISES LIMITED,20,"-"
LLOYDSME,EQ,LLOYDS METALS AND ENERGY LIMITED,20,"-"
LMW,EQ,LMW LIMITED,20,"-"
LOKESHMACH,EQ,LOKESH MACHINES LIMITED,20,"-"
LORDSCHLO,EQ,LORDS CHLORO ALKALI LIMITED,20,"-"
LOVABLE,EQ,LOVABLE LINGERIE LIMITED,20,"-"
LOWVOL,EQ,MIRAE ASSET MUTUAL FUND - MIRAE ASSET NIFTY 100 LOW VOLATILITY 30 ETF,20,"-"
LOWVOL1,EQ,KOTAK NIFTY 100 LOW VOLATILITY 30 ETF,20,"-"
LOWVOLIETF,EQ,ICICI PRUDENTIAL NIFTY 100 LOW VOLATILITY 30 ETF,20,"-"
LPDC,EQ,LANDMARK PROPERTY DEVELOPMENT COMPANY LIMITED,20,"-"
LTFOODS,EQ,LT FOODS LIMITED,20,"-"
LTTS,EQ,L&T TECHNOLOGY SERVICES LIMITED,20,"-"
LUMAXIND,EQ,LUMAX INDUSTRIES LIMITED,20,"-"
LUMAXTECH,EQ,LUMAX AUTO TECHNOLOGIES LIMITED,20,"-"
LUXIND,EQ,LUX INDUSTRIES LIMITED,20,"-"
LXCHEM,EQ,LAXMI ORGANIC INDUSTRIES LIMITED,20,"-"
LYKALABS,EQ,LYKA LABS LIMITED,20,"-"
M&MFIN,EQ,MAHINDRA & MAHINDRA FINANCIAL SERVICES LIMITED,20,"-"
MACOBSTECH,SM,MACOBS TECHNOLOGIES LIMITED,20,"-"
MACPOWER,EQ,MACPOWER CNC MACHINES LIMITED,20,"-"
MADHAV,EQ,MADHAV MARBLES AND GRANITES LIMITED,20,"-"
MADHAVBAUG,SM,VAIDYA SANE AYURVED LABORATORIES LIMITED,20,"-"
MADHUSUDAN,SM,MADHUSUDAN MASALA LIMITED,20,"-"
MADRASFERT,EQ,MADRAS FERTILIZERS LIMITED,20,"-"
MAFANG,EQ,MIRAE ASSET MUTUAL FUND - MIRAE ASSET NYSE FANG+ ETF,20,"-"
MAGADSUGAR,EQ,MAGADH SUGAR & ENERGY LIMITED,20,"-"
MAGNUM,EQ,MAGNUM VENTURES LIMITED,20,"-"
MAHABANK,EQ,BANK OF MAHARASHTRA,20,"-"
MAHEPC,EQ,MAHINDRA EPC IRRIGATION LIMITED,20,"-"
MAHESHWARI,EQ,MAHESHWARI LOGISTICS LIMITED,20,"-"
MAHICKRA,SM,MAHICKRA CHEMICALS LIMITED,20,"-"
MAHKTECH,EQ,MIRAE ASSET MUTUAL FUND - MIRAE ASSET HANG SENG TECH ETF,20,"-"
MAHLIFE,EQ,MAHINDRA LIFESPACE DEVELOPERS LIMITED,20,"-"
MAHLOG,EQ,MAHINDRA LOGISTICS LIMITED,20,"-"
MAHSCOOTER,EQ,MAHARASHTRA SCOOTERS LIMITED,20,"-"
MAHSEAMLES,EQ,MAHARASHTRA SEAMLESS LIMITED,20,"-"
MAITHANALL,EQ,MAITHAN ALLOYS LIMITED,20,"-"
MAITREYA,SM,MAITREYA MEDICARE LIMITED,20,"-"
MAKEINDIA,EQ,MIRAE ASSET MUTUAL FUND - MIRAE ASSET NIFTY INDIA MANUFACTURING ETF,20,"-"
MALLCOM,EQ,MALLCOM (INDIA) LIMITED,20,"-"
MALUPAPER,EQ,MALU PAPER MILLS LIMITED,20,"-"
MAMATA,EQ,MAMATA MACHINERY LIMITED,20,"-"
MANAKCOAT,EQ,MANAKSIA COATED METALS & INDUSTRIES LIMITED,20,"-"
MANAKSIA,EQ,MANAKSIA LIMITED,20,"-"
MANALIPETC,EQ,MANALI PETROCHEMICALS LIMITED,20,"-"
MANBA,EQ,MANBA FINANCE LIMITED,20,"-"
MANCREDIT,EQ,MANGAL CREDIT AND FINCORP LIMITED,20,"-"
MANGLMCEM,EQ,MANGALAM CEMENT LIMITED,20,"-"
MANINDS,EQ,MAN INDUSTRIES (INDIA) LIMITED,20,"-"
MANINFRA,EQ,MAN INFRACONSTRUCTION LIMITED,20,"-"
MANORAMA,EQ,MANORAMA INDUSTRIES LIMITED,20,"-"
MANORG,EQ,MANGALAM ORGANICS LIMITED,20,"-"
MANUFGBEES,EQ,NIPPON INDIA MUTUAL FUND - NIPPON INDIA NIFTY INDIA MANUFACTURING ETF,20,"-"
MANYAVAR,EQ,VEDANT FASHIONS LIMITED,20,"-"
MAPMYINDIA,EQ,C.E. INFO SYSTEMS LIMITED,20,"-"
MARALOVER,EQ,MARAL OVERSEAS LIMITED,20,"-"
MARATHON,EQ,MARATHON NEXTGEN REALTY LIMITED,20,"-"
MARC,SM,MARC TECHNOCRATS LIMITED,20,"-"
MARCO,SM,MARCO CABLES & CONDUCTORS LIMITED,20,"-"
MARINE,EQ,MARINE ELECTRICALS (INDIA) LIMITED,20,"-"
MARKOLINES,EQ,MARKOLINES PAVEMENT TECHNOLOGIES LIMITED,20,"-"
MARKSANS,EQ,MARKSANS PHARMA LIMITED,20,"-"
MASFIN,EQ,MAS FINANCIAL SERVICES LIMITED,20,"-"
MASON,SM,MASON INFRATECH LIMITED,20,"-"
MASPTOP50,EQ,MIRAE ASSET MUTUAL FUND - MIRAE ASSET S&P 500 TOP 50 ETF,20,"-"
MASTEK,EQ,MASTEK LIMITED,20,"-"
MASTERTR,EQ,MASTER TRUST LIMITED,20,"-"
MATRIMONY,EQ,MATRIMONY.COM LIMITED,20,"-"
MAWANASUG,EQ,MAWANA SUGARS LIMITED,20,"-"
MAXESTATES,EQ,MAX ESTATES LIMITED,20,"-"
MAXIND,EQ,MAX INDIA LIMITED,20,"-"
MAXPOSURE,SM,MAXPOSURE LIMITED,20,"-"
MAYASHEEL,SM,MAYASHEEL VENTURES LIMITED,20,"-"
MAYURUNIQ,EQ,MAYUR UNIQUOTERS LTD,20,"-"
MAZDA,EQ,MAZDA LIMITED,20,"-"
MBAPL,EQ,MADHYA BHARAT AGRO PRODUCTS LIMITED,20,"-"
MBEL,EQ,M & B ENGINEERING LIMITED,20,"-"
MBLINFRA,EQ,MBL INFRASTRUCTURE LIMITED,20,"-"
MDL,SM,MARVEL DECOR LIMITED,20,"-"
MEDANTA,EQ,GLOBAL HEALTH LIMITED,20,"-"
MEDIASSIST,EQ,MEDI ASSIST HEALTHCARE SERVICES LIMITED,20,"-"
MEDICAMEQ,EQ,MEDICAMEN BIOTECH LIMITED,20,"-"
MEDISTEP,SM,MEDISTEP HEALTHCARE LIMITED,20,"-"
MEDPLUS,EQ,MEDPLUS HEALTH SERVICES LIMITED,20,"-"
MEGATHERM,SM,MEGATHERM INDUCTION LIMITED,20,"-"
MEIL,EQ,MANGAL ELECTRICAL INDUSTRIES LIMITED,20,"-"
MENONBE,EQ,MENON BEARINGS LIMITED,20,"-"
METAL,EQ,MIRAE ASSET MUTUAL FUND - MIRAE ASSET NIFTY METAL ETF,20,"-"
METALIETF,EQ,ICICI PRUDENTIAL MUTUAL FUND - ICICI PRUDENTIAL NIFTY METAL ETF,20,"-"
METROBRAND,EQ,METRO BRANDS LIMITED,20,"-"
METROPOLIS,EQ,METROPOLIS HEALTHCARE LIMITED,20,"-"
MFML,EQ,MAHALAXMI FABRIC MILLS LIMITED,20,"-"
MGEL,EQ,MANGALAM GLOBAL ENTERPRISE LIMITED,20,"-"
MGL,EQ,MAHANAGAR GAS LIMITED,20,"-"
MHLXMIRU,EQ,MAHALAXMI RUBTECH LIMITED,20,"-"
MHRIL,EQ,MAHINDRA HOLIDAYS & RESORTS INDIA LIMITED,20,"-"
MICROPRO,SM,MICROPRO SOFTWARE SOLUTIONS LIMITED,20,"-"
MID150,EQ,KOTAK MAHINDRA MUTUAL FUND - KOTAK NIFTY MIDCAP 150 ETF,20,"-"
MID150BEES,EQ,NIPPON INDIA ETF NIFTY MIDCAP 150,20,"-"
MID150CASE,EQ,ZERODHA FUND HOUSE - ZERODHA NIFTY MIDCAP 150 ETF,20,"-"
MIDCAP,EQ,KOTAK NIFTY MIDCAP 50 ETF,20,"-"
MIDCAPADD,EQ,DSP MUTUAL FUND - DSP NIFTY MIDCAP 150 ETF,20,"-"
MIDCAPBETA,EQ,UTI MUTUAL FUND - UTI NIFTY MIDCAP 150 EXCHANGE TRADED FUND (ETF),20,"-"
MIDCAPETF,EQ,MIRAE ASSET MUTUAL FUND - MIRAE ASSET NIFTY MIDCAP 150 ETF,20,"-"
MIDCAPIETF,EQ,ICICI PRUDENTIAL MUTUAL FUND - ICICI PRUDENTIAL NIFTY MIDCAP 150 ETF,20,"-"
MIDHANI,EQ,MISHRA DHATU NIGAM LIMITED,20,"-"
MIDQ50ADD,EQ,DSP  MUTUAL FUND - DSP NIFTY MIDCAP 150 QUALITY 50 ETF,20,"-"
MIDSELIETF,EQ,ICICI PRUDENTIAL BSE MIDCAP SELECT ETF,20,"-"
MIDSMALL,EQ,MIRAEASSETMF-MIRAE ASSET NIFTY MIDSMALLCAP400 MOMENTUM QUALITY 100 ETF,20,"-"
MINDACORP,EQ,MINDA CORPORATION LIMITED,20,"-"
MINDSPACE,RR,MINDSPACE BUSINESS PARKS REIT,20,"-"
MINDTECK,EQ,MINDTECK (INDIA) LIMITED,20,"-"
MIRZAINT,EQ,MIRZA INTERNATIONAL LIMITED,20,"-"
MITCON,EQ,MITCON CONSULTANCY & ENGINEERING SERVICES LIMITED,20,"-"
MITTAL,EQ,MITTAL LIFE STYLE LIMITED,20,"-"
MKPL,EQ,M K PROTEINS LIMITED,20,"-"
MMEL,SM,MOVING MEDIA ENTERTAINMENT LIMITED,20,"-"
MMFL,EQ,MM FORGINGS LIMITED,20,"-"
MMP,EQ,MMP INDUSTRIES LIMITED,20,"-"
MMTC,EQ,MMTC LIMITED,20,"-"
MNC,EQ,KOTAK MAHINDRA MUTUAL FUND - KOTAK NIFTY MNC ETF,20,"-"
MOALPHA50,EQ,MOTILAL OSWAL MUTUAL FUND - MOTILAL OSWAL NIFTY ALPHA 50 ETF,20,"-"
MOBIKWIK,EQ,ONE MOBIKWIK SYSTEMS LIMITED,20,"-"
MOCAPITAL,EQ,MOTILAL OSWAL MUTUAL FUND - MOTILAL OSWAL NIFTY CAPITAL MARKET ETF,20,"-"
MODEFENCE,EQ,MOTILAL OSWAL MUTUAL FUND - MOTILAL OSWAL NIFTY INDIA DEFENCE ETF,20,"-"
MODINATUR,EQ,MODI NATURALS LIMITED,20,"-"
MODIS,EQ,MODIS NAVNIRMAN LIMITED,20,"-"
MODISONLTD,EQ,MODISON LIMITED,20,"-"
MOENERGY,EQ,MOTILAL OSWAL MUTUAL FUND - MOTILAL OSWAL NIFTY ENERGY ETF,20,"-"
MOGOLD,EQ,MOTILAL OSWAL MUTUAL FUND - MOTILAL OSWAL GOLD ETF,20,"-"
MOHEALTH,EQ,MOTILAL OSWAL MUTUAL FUND - MOTILAL OSWAL S&P BSE HEALTHCARE ETF,20,"-"
MOIL,EQ,MOIL LIMITED,20,"-"
MOINFRA,EQ,MOTILAL OSWAL MUTUAL FUND - MOTILAL OSWAL BSE INDIA INFRASTRUCTURE ETF,20,"-"
MOIPO,EQ,MOTILAL OSWAL MUTUAL FUND - MOTILAL OSWAL BSE SELECT IPO ETF,20,"-"
MOKSH,EQ,MOKSH ORNAMENTS LIMITED,20,"-"
MOL,EQ,MEGHMANI ORGANICS LIMITED,20,"-"
MOLDTECH,EQ,MOLD-TEK TECHNOLOGIES LIMITED,20,"-"
MOLDTKPAC,EQ,MOLD-TEK PACKAGING LIMITED,20,"-"
MOLOWVOL,EQ,MOTILAL OSWAL MUTUAL FUND - MOTILAL OSWAL S&P BSE LOW VOLATILITY ETF,20,"-"
MOM100,EQ,MOTILAL OSWAL MUTUAL FUND - MOTILAL OSWAL MOST SHARES M100 ETF GO,20,"-"
MOM30IETF,EQ,ICICI PRUDENTIAL MUTUAL FUND -  ICICI PRU NIFTY 200 MOMENTUM 30 ETF,20,"-"
MOM50,EQ,MOTILAL OSWAL MUTUAL FUND - MOTILAL OSWAL MOST SHARES M50 ETF,20,"-"
MOMENTUM,EQ,ADITYA BIRLA SUN LIFE MUTUAL FUND - ADITYA BIRLA SUN LIFE NIFTY 200 MO,20,"-"
MOMENTUM30,EQ,KOTAK MAHINDRA MUTUAL FUND - KOTAK NIFTY 200 MOMENTUM 30 ETF,20,"-"
MOMENTUM50,EQ,MOTILAL OSWAL MUTUAL FUND - MOTILAL OSWAL NIFTY 500 MOMENTUM 50 ETF,20,"-"
MOMGF,EQ,MOTILAL OSWAL MUTUAL FUND-MOTILAL OSWAL NIFTY INDIA MANUFACTURING ETF,20,"-"
MOMIDMTM,EQ,MOTILAL OSWAL MUTUAL FUND - MOTILAL OSWAL NIFTY MIDCAP150 MOMENTUM 50,20,"-"
MOMNC,EQ,MOTILAL OSWAL MUTUAL FUND - MOTILAL OSWAL NIFTY MNC ETF,20,"-"
MOMOMENTUM,EQ,MOTILAL OSWAL MUTUAL FUND - MOTILAL OSWAL NIFTY 200 MOMENTUM 30 ETF,20,"-"
MON100,EQ,MOTILAL OSWAL MUTUAL FUND-MOTILAL OSWAL MOST SHARES NASDAQ 100 ETF -GO,20,"-"
MON50EQUAL,EQ,MOTILAL OSWAL MUTUAL FUND - MOTILAL OSWAL NIFTY 50 EQUAL WEIGHT ETF,20,"-"
MONARCH,EQ,MONARCH NETWORTH CAPITAL LIMITED,20,"-"
MONEXT50,EQ,MOTILAL OSWAL MUTUAL FUND - MOTILAL OSWAL NIFTY NEXT 50 ETF,20,"-"
MONEYBOXX,EQ,MONEYBOXX FINANCE LIMITED,20,"-"
MONIFTY100,EQ,MOTILAL OSWAL MUTUAL FUND - MOTILAL OSWAL NIFTY 100 ETF,20,"-"
MONIFTY500,EQ,MOTILAL OSWAL MUTUAL FUND - MOTILAL OSWAL NIFTY 500 ETF,20,"-"
MONQ50,EQ,MOTILAL OSWAL MUTUAL FUND - MOTILAL OSWAL NASDAQ Q 50 ETF,20,"-"
MONTECARLO,EQ,MONTE CARLO FASHIONS LIMITED,20,"-"
MOPSE,EQ,MOTILAL OSWAL MUTUAL FUND - MOTILAL OSWAL NIFTY PSE ETF,20,"-"
MOQUALITY,EQ,MOTILAL OSWAL MUTUAL FUND - MOTILAL OSWAL S&P BSE QUALITY ETF,20,"-"
MOREALTY,EQ,MOTILAL OSWAL MUTUAL FUND - MOTILAL OSWAL NIFTY REALTY ETF,20,"-"
MOREPENLAB,EQ,MOREPEN LABORATORIES LIMITED,20,"-"
MOS,SM,MOS UTILITY LIMITED,20,"-"
MOSERVICE,EQ,MOTILAL OSWAL MUTUAL FUND - MOTILAL OSWAL NIFTY SERVICES SECTOR ETF,20,"-"
MOSILVER,EQ,MOTILAL OSWAL MUTUAL FUND - MOTILAL OSWAL SILVER ETF,20,"-"
MOSMALL250,EQ,MOTILAL OSWAL MUTUAL FUND - MOTILAL OSWAL NIFTY SMALLCAP 250 ETF,20,"-"
MOTILALOFS,EQ,MOTILAL OSWAL FINANCIAL SERVICES LIMITED,20,"-"
MOTISONS,EQ,MOTISONS JEWELLERS LIMITED,20,"-"
MOTOGENFIN,EQ,THE MOTOR & GENERAL FINANCE LIMITED,20,"-"
MOTOUR,EQ,MOTILAL OSWAL MUTUAL FUND - MOTILAL OSWAL NIFTY INDIA TOURISM ETF,20,"-"
MOVALUE,EQ,MOTILAL OSWAL MUTUAL FUND - MOTILAL OSWAL SP BSE ENHANCED VALUE ETF,20,"-"
MPEL,SM,MANAS POLYMERS AND ENERGIES LIMITED,20,"-"
MPSLTD,EQ,MPS LIMITED,20,"-"
MRF,EQ,MRF LIMITED,20,"-"
MRIL,SM,MAHENDRA REALTORS & INFRASTRUCTURE LIMITED,20,"-"
MRPL,EQ,MANGALORE REFINERY AND PETROCHEMICALS LIMITED,20,"-"
MSCIADD,EQ,DSP MUTUAL FUND - DSP MSCI INDIA ETF,20,"-"
MSCIINDIA,EQ,KOTAK MAHINDRA MUTUAL FUND - KOTAK MSCI INDIA ETF,20,"-"
MSTCLTD,EQ,MSTC LIMITED,20,"-"
MSUMI,EQ,MOTHERSON SUMI WIRING INDIA LIMITED,20,"-"
MTARTECH,EQ,MTAR TECHNOLOGIES LIMITED,20,"-"
MTNL,EQ,MAHANAGAR TELEPHONE NIGAM LIMITED,20,"-"
MUFIN,EQ,MUFIN GREEN FINANCE LIMITED,20,"-"
MUFTI,EQ,CREDO BRANDS MARKETING LIMITED,20,"-"
MUKANDLTD,EQ,MUKAND LIMITED,20,"-"
MUKKA,EQ,MUKKA PROTEINS LIMITED,20,"-"
MUKTAARTS,EQ,MUKTA ARTS LIMITED,20,"-"
MULTICAP,EQ,MIRAE ASSET MUTUAL FUND - MIRAE ASSET NIFTY 500 MULTICAP 50:25:25 ETF,20,"-"
MUNISH,SM,MUNISH FORGE LIMITED,20,"-"
MUNJALAU,EQ,MUNJAL AUTO INDUSTRIES LIMITED,20,"-"
MUNJALSHOW,EQ,MUNJAL SHOWA LIMITED,20,"-"
MURUDCERA,EQ,MURUDESHWAR CERAMICS LIMITED,20,"-"
MUTHOOTCAP,EQ,MUTHOOT CAPITAL SERVICES LIMITED,20,"-"
MUTHOOTMF,EQ,MUTHOOT MICROFIN LIMITED,20,"-"
MVGJL,EQ,MANOJ VAIBHAV GEMS N JEWELLERS LIMITED,20,"-"
MWL,EQ,MANGALAM WORLDWIDE LIMITED,20,"-"
NAGAFERT,EQ,NAGARJUNA FERTILIZERS AND CHEMICALS LIMITED,20,"GSM STAGE - 0"
NAGREEKCAP,EQ,NAGREEKA CAPITAL & INFRASTRUCTURE LIMITED,20,"-"
NAHARCAP,EQ,NAHAR CAPITAL AND FINANCIAL SERVICES LIMITED,20,"-"
NAHARINDUS,EQ,NAHAR INDUSTRIAL ENTERPRISES LIMITED,20,"-"
NAHARPOLY,EQ,NAHAR POLY FILMS LIMITED,20,"-"
NAHARSPING,EQ,NAHAR SPINNING MILLS LIMITED,20,"-"
NAM-INDIA,EQ,NIPPON LIFE INDIA ASSET MANAGEMENT LIMITED,20,"-"
NAMOEWASTE,SM,NAMO EWASTE MANAGEMENT LIMITED,20,"-"
NARMADA,EQ,NARMADA AGROBASE LIMITED,20,"-"
NATCOPHARM,EQ,NATCO PHARMA LIMITED,20,"-"
NATHBIOGEN,EQ,NATH BIO-GENES (INDIA) LIMITED,20,"-"
NAVA,EQ,NAVA LIMITED,20,"-"
NAVINFLUOR,EQ,NAVIN FLUORINE INTERNATIONAL LIMITED,20,"-"
NAVKARCORP,EQ,NAVKAR CORPORATION LIMITED,20,"-"
NAVNETEDUL,EQ,NAVNEET EDUCATION LIMITED,20,"-"
NAZARA,EQ,NAZARA TECHNOLOGIES LIMITED,20,"-"
NBIFIN,EQ,N. B. I. INDUSTRIAL FINANCE COMPANY LIMITED,20,"-"
NCC,EQ,NCC LIMITED,20,"-"
NCLIND,EQ,NCL INDUSTRIES LIMITED,20,"-"
NDGL,EQ,NAGA DHUNSERI GROUP LIMITED,20,"-"
NDL,EQ,NANDAN DENIM LIMITED,20,"-"
NDRAUTO,EQ,NDR AUTO COMPONENTS LIMITED,20,"-"
NDRINVIT,IV,NDR INVIT TRUST,20,"-"
NDTV,EQ,NEW DELHI TELEVISION LIMITED,20,"-"
NECCLTD,EQ,NORTH EASTERN CARRYING CORPORATION LIMITED,20,"-"
NELCAST,EQ,NELCAST LIMITED,20,"-"
NELCO,EQ,NELCO LIMITED,20,"-"
NEOCHEM,SM,NEOCHEM BIO SOLUTIONS LIMITED,20,"-"
NEOGEN,EQ,NEOGEN CHEMICALS LIMITED,20,"-"
NEPHROCARE,SM,NEPHRO CARE INDIA LIMITED,20,"-"
NEPHROPLUS,EQ,NEPHROCARE HEALTH SERVICES LIMITED,20,"-"
NEPTUNE,SM,NEPTUNE PETROCHEMICALS LIMITED,20,"-"
NESCO,EQ,NESCO LIMITED,20,"-"
NETF,EQ,TATA NIFTY 50 EXCHANGE TRADED FUND,20,"-"
NETWEB,EQ,NETWEB TECHNOLOGIES INDIA LIMITED,20,"-"
NETWORK18,EQ,NETWORK18 MEDIA & INVESTMENTS LIMITED,20,"-"
NEULANDLAB,EQ,NEULAND LABORATORIES LIMITED,20,"-"
NEWGEN,EQ,NEWGEN SOFTWARE TECHNOLOGIES LIMITED,20,"-"
NEXT30ADD,EQ,DSP MUTUAL FUND - DSP BSE SENSEX NEXT 30 ETF,20,"-"
NEXT50,EQ,MIRAE ASSET MUTUAL FUND - MIRAE ASSET NIFTY NEXT 50 ETF (MANXT50) - MI,20,"-"
NEXT50ADD,EQ,DSP MUTUAL FUND - DSP NIFTY NEXT 50 ETF,20,"-"
NEXT50BETA,EQ,UTI MUTUAL FUND - UTI NIFTY NEXT 50 EXCHANGE TRADED FUND - UTI NIFTY N,20,"-"
NEXT50ETF,EQ,KOTAK MAHINDRA MUTUAL FUND - KOTAK NIFTY NEXT 50 ETF,20,"-"
NEXT50IETF,EQ,ICICI PRUDENTIAL MUTUAL FUND - ICICI PRUDENTIAL NIFTY NEXT 50 ETF,20,"-"
NEXTMEDIA,EQ,NEXT MEDIAWORKS LIMITED,20,"-"
NFL,EQ,NATIONAL FERTILIZERS LIMITED,20,"-"
NGIL,EQ,NAKODA GROUP OF INDUSTRIES LIMITED,20,"-"
NGLFINE,EQ,NGL FINE-CHEM LIMITED,20,"-"
NH,EQ,NARAYANA HRUDAYALAYA LTD.,20,"-"
NHIT,IV,NATIONAL HIGHWAYS INFRA TRUST,20,"-"
NIACL,EQ,THE NEW INDIA ASSURANCE COMPANY LIMITED,20,"-"
NIBL,EQ,NRB INDUSTRIAL BEARINGS LIMITED,20,"-"
NIDAN,SM,NIDAN LABORATORIES AND HEALTHCARE LIMITED,20,"-"
NIF100BEES,EQ,NIPPON INDIA ETF NIFTY 100,20,"-"
NIF100IETF,EQ,ICICI PRUDENTIAL NIFTY 100 ETF,20,"-"
NIFTY1,EQ,KOTAK NIFTY 50 ETF,20,"-"
NIFTY100EW,EQ,KOTAK MAHINDRA MUTUAL FUND - KOTAK NIFTY 100 EQUAL WEIGHT ETF,20,"-"
NIFTYADD,EQ,DSP  MUTUAL FUND - DSP NIFTY 50 ETF,20,"-"
NIFTYBEES,EQ,NIPPON INDIA ETF NIFTY 50 BEES,20,"-"
NIFTYBETA,EQ,UTI NIFTY 50 ETF,20,"-"
NIFTYBETF,EQ,BAJAJ FINSERV MUTUAL FUND - BAJAJ FINSERV NIFTY 50 ETF,20,"-"
NIFTYCASE,EQ,ZERODHA FUND HOUSE - ZERODHA NIFTY 50 ETF,20,"-"
NIFTYETF,EQ,MIRAE ASSET MUTUAL FUND - MIRAE ASSET NIFTY 50 ETF,20,"-"
NIFTYIETF,EQ,ICICI PRUDENTIAL NIFTY 50 ETF,20,"-"
NIFTYQLITY,EQ,ADITYA BIRLA SUN LIFE MUTUAL FUND - ABSL NIFTY 200 QUALITY 30 ETF,20,"-"
NIITLTD,EQ,NIIT LIMITED,20,"-"
NIITMTS,EQ,NIIT LEARNING SYSTEMS LIMITED,20,"-"
NIKITA,SM,NIKITA GREENTECH RECYCLING LIMITED,20,"-"
NILAINFRA,EQ,NILA INFRASTRUCTURES LIMITED,20,"-"
NILKAMAL,EQ,NILKAMAL LIMITED,20,"-"
NINSYS,EQ,NINTEC SYSTEMS LIMITED,20,"-"
NIPPOBATRY,EQ,INDO-NATIONAL LIMITED,20,"-"
NIRAJ,EQ,NIRAJ CEMENT STRUCTURALS LIMITED,20,"-"
NITCO,EQ,NITCO LIMITED,20,"-"
NITINSPIN,EQ,NITIN SPINNERS LIMITED,20,"-"
NITIRAJ,EQ,NITIRAJ ENGINEERS LIMITED,20,"-"
NIVABUPA,EQ,NIVA BUPA HEALTH INSURANCE COMPANY LIMITED,20,"-"
NLCINDIA,EQ,NLC INDIA LIMITED,20,"-"
NMSTEEL,SM,NEWMALAYALAM STEEL LIMITED,20,"-"
NOCIL,EQ,NOCIL LIMITED,20,"-"
NORTHARC,EQ,NORTHERN ARC CAPITAL LIMITED,20,"-"
NOVAAGRI,EQ,NOVA AGRITECH LIMITED,20,"-"
NPBET,EQ,TATA NIFTY PRIVATE BANK EXCHANGE TRADED FUND,20,"-"
NPST,EQ,NETWORK PEOPLE SERVICES TECHNOLOGIES LIMITED,20,"-"
NRAIL,EQ,N R AGARWAL INDUSTRIES LIMITED,20,"-"
NRBBEARING,EQ,NRB BEARING LIMITED,20,"-"
NRL,EQ,NUPUR RECYCLERS LIMITED,20,"-"
NSIL,EQ,NALWA SONS INVESTMENTS LIMITED,20,"-"
NSLNISP,EQ,NMDC STEEL LIMITED,20,"-"
NTPCGREEN,EQ,NTPC GREEN ENERGY LIMITED,20,"-"
NUCLEUS,EQ,NUCLEUS SOFTWARE EXPORTS LIMITED,20,"-"
NUVOCO,EQ,NUVOCO VISTAS CORPORATION LIMITED,20,"-"
NV20,EQ,KOTAK NIFTY 50 VALUE 20 ETF,20,"-"
NV20BEES,EQ,NIPPON INDIA ETF NIFTY 50 VALUE 20,20,"-"
NV20IETF,EQ,ICICI PRUDENTIAL NIFTY50 VALUE 20 ETF,20,"-"
NXST,RR,NEXUS SELECT TRUST,20,"-"
NXT-INFRA,IV,NXT-INFRA TRUST,20,"-"
OAL,EQ,ORIENTAL AROMATICS LIMITED,20,"-"
OBCL,EQ,ORISSA BENGAL CARRIER LIMITED,20,"-"
OBSCP,SM,OBSC PERFECTION LIMITED,20,"-"
OCCLLTD,EQ,OCCL LIMITED,20,"-"
OILCOUNTUB,EQ,OIL COUNTRY TUBULAR LIMITED,20,"-"
OILIETF,EQ,ICICI PRUDENTIAL MUTUAL FUND - ICICI PRUDENTIAL NIFTY OIL & GAS ETF,20,"-"
OLECTRA,EQ,OLECTRA GREENTECH LIMITED,20,"-"
OLIL,SM,ONECLICK LOGISTICS INDIA LIMITED,20,"-"
OMAXAUTO,EQ,OMAX AUTOS LIMITED,20,"-"
OMAXE,EQ,OMAXE LIMITED,20,"-"
OMFREIGHT,EQ,OM FREIGHT FORWARDERS LIMITED,20,"-"
OMFURN,SM,OMFURN INDIA LIMITED,20,"-"
OMINFRAL,EQ,OM INFRA LIMITED,20,"-"
ONDOOR,SM,ON DOOR CONCEPTS LIMITED,20,"-"
ONEPOINT,EQ,ONE POINT ONE SOLUTIONS LIMITED,20,"-"
ONMOBILE,EQ,ONMOBILE GLOBAL LIMITED,20,"-"
ONWARDTEC,EQ,ONWARD TECHNOLOGIES LIMITED,20,"-"
ONYX,SM,ONYX BIOTEC LIMITED,20,"-"
OPTIEMUS,EQ,OPTIEMUS INFRACOM LIMITED,20,"-"
OPTIVALUE,SM,OPTIVALUE TEK CONSULTING LIMITED,20,"-"
ORBTEXP,EQ,ORBIT EXPORTS LIMITED,20,"-"
ORCHPHARMA,EQ,ORCHID PHARMA LIMITED,20,"-"
ORIANA,SM,ORIANA POWER LIMITED,20,"-"
ORIENTALTL,EQ,ORIENTAL TRIMEX LIMITED,20,"-"
ORIENTBELL,EQ,ORIENT BELL LIMITED,20,"-"
ORIENTCEM,EQ,ORIENT CEMENT LIMITED,20,"-"
ORIENTCER,EQ,ORIENT CERATECH LIMITED,20,"-"
ORIENTELEC,EQ,ORIENT ELECTRIC LIMITED,20,"-"
ORIENTHOT,EQ,ORIENTAL HOTELS LIMITED,20,"-"
ORIENTLTD,EQ,ORIENT PRESS LIMITED,20,"-"
ORIENTPPR,EQ,ORIENT PAPER & INDUSTRIES LIMITED,20,"-"
ORISSAMINE,EQ,THE ORISSA MINERALS DEVELOPMENT COMPANY LIMITED,20,"-"
ORKLAINDIA,EQ,ORKLA INDIA LIMITED,20,"-"
OSEINTRUST,IV,ORIENTAL INFRATRUST,20,"-"
OSWALAGRO,EQ,OSWAL AGRO MILLS LIMITED,20,"-"
OSWALGREEN,EQ,OSWAL GREENTECH LIMITED,20,"-"
PACEDIGITK,EQ,PACE DIGITEK LIMITED,20,"-"
PAISALO,EQ,PAISALO DIGITAL LIMITED,20,"-"
PAKKA,EQ,PAKKA LIMITED,20,"-"
PALASHSECU,EQ,PALASH SECURITIES LIMITED,20,"-"
PANACEABIO,EQ,PANACEA BIOTEC LIMITED,20,"-"
PANAMAPET,EQ,PANAMA PETROCHEM LIMITED,20,"-"
PAR,EQ,PAR DRUGS AND CHEMICALS LIMITED,20,"-"
PARACABLES,EQ,PARAMOUNT COMMUNICATIONS LIMITED,20,"-"
PARADEEP,EQ,PARADEEP PHOSPHATES LIMITED,20,"-"
PARAGMILK,EQ,PARAG MILK FOODS LIMITED,20,"-"
PARAGON,SM,PARAGON FINE AND SPECIALITY CHEMICAL LIMITED,20,"-"
PARAMATRIX,SM,PARAMATRIX TECHNOLOGIES LIMITED,20,"-"
PARAMOUNT,SM,PARAMOUNT DYE TEC LIMITED,20,"-"
PARAS,EQ,PARAS DEFENCE AND SPACE TECHNOLOGIES LIMITED,20,"-"
PARKHOTELS,EQ,APEEJAY SURRENDRA PARK HOTELS LIMITED,20,"-"
PARSVNATH,EQ,PARSVNATH DEVELOPERS LIMITED,20,"-"
PARTYCRUS,SM,PARTY CRUISERS LIMITED,20,"-"
PASHUPATI,EQ,PASHUPATI COTSPIN LIMITED,20,"-"
PASUPTAC,EQ,PASUPATI ACRYLON LIMITED,20,"-"
PATELENG,EQ,PATEL ENGINEERING LIMITED,20,"-"
PATELRMART,EQ,PATEL RETAIL LIMITED,20,"-"
PATILAUTOM,SM,PATIL AUTOMATION LIMITED,20,"-"
PATINTLOG,EQ,PATEL INTEGRATED LOGISTICS LIMITED,20,"-"
PAUSHAKLTD,EQ,PAUSHAK LIMITED,20,"-"
PAVNAIND,EQ,PAVNA INDUSTRIES LIMITED,20,"-"
PCBL,EQ,PCBL CHEMICAL LIMITED,20,"-"
PCCL,SM,PETRO CARBON AND CHEMICALS LIMITED,20,"-"
PCJEWELLER,EQ,PC JEWELLER LIMITED,20,"-"
PDMJEPAPER,EQ,PUDUMJEE PAPER PRODUCTS LIMITED,20,"-"
PDSL,EQ,PDS LIMITED,20,"-"
PEARLPOLY,EQ,PEARL POLYMERS LIMITED,20,"-"
PELATRO,SM,PELATRO LIMITED,20,"-"
PENIND,EQ,PENNAR INDUSTRIES LIMITED,20,"-"
PENINLAND,EQ,PENINSULA LAND LIMITED,20,"-"
PENTAGON,SM,PENTAGON RUBBER LIMITED,20,"-"
PFIZER,EQ,PFIZER LIMITED,20,"-"
PFOCUS,EQ,PRIME FOCUS LIMITED,20,"-"
PFS,EQ,PTC INDIA FINANCIAL SERVICES LIMITED,20,"-"
PGHH,EQ,PROCTER & GAMBLE HYGIENE AND HEALTH CARE LIMITED,20,"-"
PGHL,EQ,PROCTER & GAMBLE HEALTH LIMITED,20,"-"
PGIL,EQ,PEARL GLOBAL INDUSTRIES LIMITED,20,"-"
PGINVIT,IV,POWERGRID INFRASTRUCTURE INVESTMENT TRUST,20,"-"
PHANTOMFX,SM,PHANTOM DIGITAL EFFECTS LIMITED,20,"-"
PHARMABEES,EQ,NIPPON INDIA MUTUAL FUND - NIPPON INDIA NIFTY PHARMA ETF,20,"-"
PHOGLOBAL,SM,PHOENIX OVERSEAS LIMITED,20,"-"
PICCADIL,EQ,PICCADILY AGRO INDUSTRIES LIMITED,20,"-"
PILANIINVS,EQ,PILANI INVESTMENT AND INDUSTRIES CORPORATION LIMITED,20,"-"
PILITA,EQ,PIL ITALICA LIFESTYLE LIMITED,20,"-"
PINELABS,EQ,PINE LABS LIMITED,20,"-"
PIONEEREMB,EQ,PIONEER EMBROIDERIES LIMITED,20,"-"
PIRAMALFIN,EQ,PIRAMAL FINANCE LIMITED,20,"-"
PITTIENG,EQ,PITTI ENGINEERING LIMITED,20,"-"
PIXTRANS,EQ,PIX TRANSMISSIONS LIMITED,20,"-"
PLASTIBLEN,EQ,PLASTIBLENDS INDIA LIMITED,20,"-"
PLATIND,EQ,PLATINUM INDUSTRIES LIMITED,20,"-"
PLAZACABLE,EQ,PLAZA WIRES LIMITED,20,"-"
PNBGILTS,EQ,PNB GILTS LTD.,20,"-"
PNCINFRA,EQ,PNC INFRATECH LIMITED,20,"-"
POCL,EQ,PONDY OXIDES & CHEMICALS LIMITED,20,"-"
PODDARMENT,EQ,PODDAR PIGMENTS LIMITED,20,"-"
POKARNA,EQ,POKARNA LIMITED,20,"-"
POLYMED,EQ,POLY MEDICURE LIMITED,20,"-"
POLYPLEX,EQ,POLYPLEX CORPORATION LIMITED,20,"-"
PONNIERODE,EQ,PONNI SUGARS (ERODE) LIMITED,20,"-"
POONAWALLA,EQ,POONAWALLA FINCORP LIMITED,20,"-"
POWERMECH,EQ,POWER MECH PROJECTS LIMITED,20,"-"
PPAP,EQ,PPAP AUTOMOTIVE LIMITED,20,"-"
PPL,EQ,PRAKASH PIPES LIMITED,20,"-"
PPSL,SM,PICTUREPOST STUDIOS LIMITED,20,"-"
PRAJIND,EQ,PRAJ INDUSTRIES LIMITED,20,"-"
PRAKASH,EQ,PRAKASH INDUSTRIES LIMITED,20,"-"
PRAMARA,SM,PRAMARA PROMOTIONS LIMITED,20,"-"
PRANIK,SM,PRANIK LOGISTICS LIMITED,20,"-"
PRATHAM,SM,PRATHAM EPC PROJECTS LIMITED,20,"-"
PRECAM,EQ,PRECISION CAMSHAFTS LIMITED,20,"-"
PRECOT,EQ,PRECOT LIMITED,20,"-"
PRECWIRE,EQ,PRECISION WIRES INDIA LIMITED,20,"-"
PREMEXPLN,EQ,PREMIER EXPLOSIVES LIMITED,20,"-"
PREMIERPOL,EQ,PREMIER POLYFILM LIMITED,20,"-"
PREMIUM,SM,PREMIUM PLAST LIMITED,20,"-"
PRESSTONIC,SM,PRESSTONIC ENGINEERING LIMITED,20,"-"
PRICOLLTD,EQ,PRICOL LIMITED,20,"-"
PRIMECAB,SM,PRIME CABLE INDUSTRIES LIMITED,20,"-"
PRIMESECU,EQ,PRIME SECURITIES LIMITED,20,"-"
PRIMO,EQ,PRIMO CHEMICALS LIMITED,20,"-"
PRINCEPIPE,EQ,PRINCE PIPES AND FITTINGS LIMITED,20,"-"
PRITI,EQ,PRITI INTERNATIONAL LIMITED,20,"-"
PRITIKA,SM,PRITIKA ENGINEERING COMPONENTS LIMITED,20,"-"
PRITIKAUTO,EQ,PRITIKA AUTO INDUSTRIES LIMITED,20,"-"
PRIVISCL,EQ,PRIVI SPECIALITY CHEMICALS LIMITED,20,"-"
PRLIND,SM,PREMIER ROADLINES LIMITED,20,"-"
PROFX,SM,PRO FX TECH LIMITED,20,"-"
PROPEQUITY,SM,P. E. ANALYTICS LIMITED,20,"-"
PROSTARM,EQ,PROSTARM INFO SYSTEMS LIMITED,20,"-"
PROTEAN,EQ,PROTEAN EGOV TECHNOLOGIES LIMITED,20,"-"
PROV,SM,PROVENTUS AGROCOM LIMITED,20,"-"
PRSMJOHNSN,EQ,PRISM JOHNSON LIMITED,20,"-"
PRUDENT,EQ,PRUDENT CORPORATE ADVISORY SERVICES LIMITED,20,"-"
PSB,EQ,PUNJAB & SIND BANK,20,"-"
PSFL,SM,PARAMOUNT SPECIALITY FORGINGS LIMITED,20,"-"
PSPPROJECT,EQ,PSP PROJECTS LIMITED,20,"-"
PSUBANK,EQ,KOTAK NIFTY PSU BANK ETF,20,"-"
PSUBANKADD,EQ,DSP MUTUAL FUND - DSP NIFTY PSU BANK ETF,20,"-"
PSUBNKBEES,EQ,NIPPON INDIA ETF NIFTY PSU BANK BEES,20,"-"
PSUBNKIETF,EQ,ICICI PRUDENTIAL MUTUAL FUND - ICICI PRUDENTIAL NIFTY PSU BANK ETF,20,"-"
PTC,EQ,PTC INDIA LIMITED,20,"-"
PTCIL,EQ,PTC INDUSTRIES LIMITED,20,"-"
PTL,EQ,PTL ENTERPRISES LIMITED,20,"-"
PUNJABCHEM,EQ,PUNJAB CHEMICALS & CROP PROTECTION LIMITED,20,"-"
PURVA,EQ,PURAVANKARA LIMITED,20,"-"
PUSHPA,SM,PUSHPA JEWELLERS LIMITED,20,"-"
PVRINOX,EQ,PVR INOX LIMITED,20,"-"
PVSL,EQ,POPULAR VEHICLES AND SERVICES LIMITED,20,"-"
PVTBANIETF,EQ,ICICI PRUDENTIAL NIFTY PRIVATE BANK ETF - NIFTY PRIVATE BANK INDEX,20,"-"
PVTBANKADD,EQ,DSP MUTUAL FUND - DSP NIFTY PRIVATE BANK ETF,20,"-"
PWL,EQ,PHYSICSWALLAH LIMITED,20,"-"
PYRAMID,EQ,PYRAMID TECHNOPLAST LIMITED,20,"-"
QGOLDHALF,EQ,QUANTUM GOLD FUND -EXCHANGE TRADED FUND (ETF),20,"-"
QMSMEDI,SM,QMS MEDICAL ALLIED SERVICES LIMITED,20,"-"
QNIFTY,EQ,QUANTUM NIFTY 50 ETF,20,"-"
QPOWER,EQ,QUALITY POWER ELECTRICAL EQUIPMENTS LIMITED,20,"-"
QUADFUTURE,EQ,QUADRANT FUTURE TEK LIMITED,20,"-"
QUAL30IETF,EQ,ICICI PRUDENTIAL MF - ICICI PRUDENTIAL NIFTY 200 QUALITY 30 ETF,20,"-"
QUALITY30,EQ,KOTAK MAHINDRA MUTUAL FUND - KOTAK NIFTY200 QUALITY 30 ETF,20,"-"
QUESS,EQ,QUESS CORP LIMITED,20,"-"
QUESTLAB,SM,QUEST LABORATORIES LIMITED,20,"-"
QUICKHEAL,EQ,QUICK HEAL TECHNOLOGIES LIMITED,20,"-"
RACE,EQ,RACE ECO CHAIN LIMITED,20,"-"
RACLGEAR,EQ,RACL GEARTECH LIMITED,20,"-"
RADAAN,EQ,RADAAN MEDIAWORKS INDIA LIMITED,20,"-"
RADHIKAJWE,EQ,RADHIKA JEWELTECH LIMITED,20,"-"
RADIANTCMS,EQ,RADIANT CASH MANAGEMENT SERVICES LIMITED,20,"-"
RADICO,EQ,RADICO KHAITAN LIMITED,20,"-"
RADIOCITY,EQ,MUSIC BROADCAST LIMITED,20,"-"
RADIOWALLA,SM,RADIOWALLA NETWORK LIMITED,20,"-"
RAILTEL,EQ,RAILTEL CORPORATION OF INDIA LIMITED,20,"-"
RAIN,EQ,RAIN INDUSTRIES LIMITED,20,"-"
RAINBOW,EQ,RAINBOW CHILDRENS MEDICARE LIMITED,20,"-"
RAJINDLTD,SM,RAJPUTANA INDUSTRIES LIMITED,20,"-"
RAJMET,EQ,RAJNANDINI METAL LIMITED,20,"-"
RAJOOENG,EQ,RAJOO ENGINEERS LIMITED,20,"-"
RAJPUTANA,SM,RAJPUTANA BIODIESEL LIMITED,20,"-"
RAJRATAN,EQ,RAJRATAN GLOBAL WIRE LIMITED,20,"-"
RAJSREESUG,EQ,RAJSHREE SUGARS & CHEMICALS LIMITED,20,"-"
RAJTV,EQ,RAJ TELEVISION NETWORK LIMITED,20,"-"
RALLIS,EQ,RALLIS INDIA LIMITED,20,"-"
RAMANEWS,EQ,SHREE RAMA NEWSPRINT LIMITED,20,"-"
RAMAPHO,EQ,RAMA PHOSPHATES LIMITED,20,"-"
RAMASTEEL,EQ,RAMA STEEL TUBES LIMITED,20,"-"
RAMCOCEM,EQ,THE RAMCO CEMENTS LIMITED,20,"-"
RAMCOIND,EQ,RAMCO INDUSTRIES LIMITED,20,"-"
RAMCOSYS,EQ,RAMCO SYSTEMS LIMITED,20,"-"
RAMKY,EQ,RAMKY INFRASTRUCTURE LIMITED,20,"-"
RAMRAT,EQ,RAM RATNA WIRES LIMITED,20,"-"
RANASUG,EQ,RANA SUGARS LIMITED,20,"-"
RANEHOLDIN,EQ,RANE HOLDINGS LIMITED,20,"-"
RAPIDFLEET,SM,RAPID FLEET MANAGEMENT SERVICES LIMITED,20,"-"
RAPPID,SM,RAPPID VALVES (INDIA) LIMITED,20,"-"
RATEGAIN,EQ,RATEGAIN TRAVEL TECHNOLOGIES LIMITED,20,"-"
RATNAMANI,EQ,RATNAMANI METALS & TUBES LIMITED,20,"-"
RATNAVEER,EQ,RATNAVEER PRECISION ENGINEERING LIMITED,20,"-"
RAYMOND,EQ,RAYMOND LIMITED,20,"-"
RAYMONDLSL,EQ,RAYMOND LIFESTYLE LIMITED,20,"-"
RAYMONDREL,EQ,RAYMOND REALTY LIMITED,20,"-"
RBA,EQ,RESTAURANT BRANDS ASIA LIMITED,20,"-"
RBMINFRA,SM,RBM INFRACON LIMITED,20,"-"
RBS,SM,RAMDEVBABA SOLVENT LIMITED,20,"-"
RBZJEWEL,EQ,RBZ JEWELLERS LIMITED,20,"-"
RCDL,SM,RAJGOR CASTOR DERIVATIVES LIMITED,20,"-"
RCF,EQ,RASHTRIYA CHEMICALS AND FERTILIZERS LIMITED,20,"-"
READYMIX,SM,READYMIX CONSTRUCTION MACHINERY LIMITED,20,"-"
REDINGTON,EQ,REDINGTON LIMITED,20,"-"
REDTAPE,EQ,REDTAPE LIMITED,20,"-"
REFEX,EQ,REFEX INDUSTRIES LIMITED,20,"-"
REGAAL,EQ,REGAAL RESOURCES LIMITED,20,"-"
REGENCERAM,EQ,REGENCY CERAMICS LIMITED,20,"GSM STAGE - 0"
RELAXO,EQ,RELAXO FOOTWEARS LIMITED,20,"-"
RELCHEMQ,EQ,RELIANCE CHEMOTEX INDUSTRIES LIMITED,20,"-"
RELIGARE,EQ,RELIGARE ENTERPRISES LIMITED,20,"-"
RELTD,EQ,RAVINDRA ENERGY LIMITED,20,"-"
REMSONSIND,EQ,REMSONS INDUSTRIES LIMITED,20,"-"
REMUS,SM,REMUS PHARMACEUTICALS LIMITED,20,"-"
RENUKA,EQ,SHREE RENUKA SUGARS LIMITED,20,"-"
REPCOHOME,EQ,REPCO HOME FINANCE LIMITED,20,"-"
REPL,EQ,RUDRABHISHEK ENTERPRISES LIMITED,20,"-"
REPRO,EQ,REPRO INDIA LIMITED,20,"-"
RESPONIND,EQ,RESPONSIVE INDUSTRIES LIMITED,20,"-"
RETAIL,EQ,JHS SVENDGAARD RETAIL VENTURES LIMITED,20,"-"
RGL,EQ,RENAISSANCE GLOBAL LIMITED,20,"-"
RHETAN,EQ,RHETAN TMT LIMITED,20,"-"
RHIM,EQ,RHI MAGNESITA INDIA LTD,20,"-"
RHL,EQ,ROBUST HOTELS LIMITED,20,"-"
RICOAUTO,EQ,RICO AUTO INDUSTRIES LIMITED,20,"-"
RIIL,EQ,RELIANCE INDUSTRIAL INFRASTRUCTURE LIMITED,20,"-"
RILINFRA,SM,RACHANA INFRASTRUCTURE LIMITED,20,"-"
RISHABH,EQ,RISHABH INSTRUMENTS LIMITED,20,"-"
RITCO,EQ,RITCO LOGISTICS LIMITED,20,"-"
RITES,EQ,RITES LIMITED,20,"-"
RKDL,EQ,RAVI KUMAR DISTILLERIES LIMITED,20,"-"
RKEC,EQ,RKEC PROJECTS LIMITED,20,"-"
RKFORGE,EQ,RAMKRISHNA FORGINGS LIMITED,20,"-"
RKSWAMY,EQ,R K SWAMY LIMITED,20,"-"
RMDRIP,EQ,R M DRIP AND SPRINKLERS SYSTEMS LIMITED,20,"-"
RML,EQ,RANE (MADRAS) LIMITED,20,"-"
RNBDENIMS,EQ,R&B DENIMS LIMITED,20,"-"
RNFI,SM,RNFI SERVICES LIMITED,20,"-"
ROADSTAR,IV,ROADSTAR INFRA INVESTMENT TRUST,20,"-"
ROHLTD,EQ,ROYAL ORCHID HOTELS LIMITED,20,"-"
ROLEXRINGS,EQ,ROLEX RINGS LIMITED,20,"-"
ROML,EQ,RAJ OIL MILLS LIMITED,20,"-"
ROSSARI,EQ,ROSSARI BIOTECH LIMITED,20,"-"
ROSSELLIND,EQ,ROSSELL INDIA LIMITED,20,"-"
ROSSTECH,EQ,ROSSELL TECHSYS LIMITED,20,"-"
ROTO,EQ,ROTO PUMPS LIMITED,20,"-"
ROUTE,EQ,ROUTE MOBILE LIMITED,20,"-"
ROXHITECH,SM,ROX HI TECH LIMITED,20,"-"
ROYALARC,SM,ROYAL ARC ELECTRODES LIMITED,20,"-"
RPEL,EQ,RAGHAV PRODUCTIVITY ENHANCERS LIMITED,20,"-"
RPGLIFE,EQ,RPG LIFE SCIENCES LIMITED,20,"-"
RPOWER,EQ,RELIANCE POWER LIMITED,20,"-"
RPPINFRA,EQ,R.P.P. INFRA PROJECTS LIMITED,20,"-"
RPPL,EQ,RAJSHREE POLYPACK LIMITED,20,"-"
RPSGVENT,EQ,RPSG VENTURES LIMITED,20,"-"
RPTECH,EQ,RASHI PERIPHERALS LIMITED,20,"-"
RRKABEL,EQ,R R KABEL LIMITED,20,"-"
RSWM,EQ,RSWM LIMITED,20,"-"
RSYSTEMS,EQ,R SYSTEMS INTERNATIONAL LIMITED,20,"-"
RTL,SM,RAMA TELECOM LIMITED,20,"-"
RTNINDIA,EQ,RATTANINDIA ENTERPRISES LIMITED,20,"-"
RTNPOWER,EQ,RATTANINDIA POWER LIMITED,20,"-"
RUBFILA,EQ,RUBFILA INTERNATIONAL LIMITED,20,"-"
RUBICON,EQ,RUBICON RESEARCH LIMITED,20,"-"
RUBYMILLS,EQ,THE RUBY MILLS LIMITED,20,"-"
RUCHINFRA,EQ,RUCHI INFRASTRUCTURE LIMITED,20,"-"
RUCHIRA,EQ,RUCHIRA PAPERS LIMITED,20,"-"
RUDRA,EQ,RUDRA GLOBAL INFRA PRODUCTS LIMITED,20,"-"
RULKA,SM,RULKA ELECTRICALS LIMITED,20,"-"
RUPA,EQ,RUPA & COMPANY LIMITED,20,"-"
RUSHIL,EQ,RUSHIL DECOR LIMITED,20,"-"
RUSTOMJEE,EQ,KEYSTONE REALTORS LIMITED,20,"-"
RVHL,EQ,RAVINDER HEIGHTS LIMITED,20,"-"
SAAKSHI,SM,SAAKSHI MEDTECH AND PANELS LIMITED,20,"-"
SADHAV,SM,SADHAV SHIPPING LIMITED,20,"-"
SAFARI,EQ,SAFARI INDUSTRIES (INDIA) LIMITED,20,"-"
SAGARDEEP,EQ,SAGARDEEP ALLOYS LIMITED,20,"-"
SAGCEM,EQ,SAGAR CEMENTS LIMITED,20,"-"
SAGILITY,EQ,SAGILITY LIMITED,20,"-"
SAHAJSOLAR,SM,SAHAJ SOLAR LIMITED,20,"-"
SAHANA,SM,SAHANA SYSTEM LIMITED,20,"-"
SAHASRA,SM,SAHASRA ELECTRONIC SOLUTIONS LIMITED,20,"-"
SAHYADRI,EQ,SAHYADRI INDUSTRIES LIMITED,20,"-"
SAILIFE,EQ,SAI LIFE SCIENCES LIMITED,20,"-"
SAJHOTELS,SM,SAJ HOTELS LIMITED,20,"-"
SAKAR,EQ,SAKAR HEALTHCARE LIMITED,20,"-"
SAKHTISUG,EQ,SAKTHI SUGARS LIMITED,20,"-"
SAKSOFT,EQ,SAKSOFT LIMITED,20,"-"
SAKUMA,EQ,SAKUMA EXPORTS LIMITED,20,"-"
SALASAR,EQ,SALASAR TECHNO ENGINEERING LIMITED,20,"-"
SALONA,EQ,SALONA COTSPIN LIMITED,20,"-"
SALZERELEC,EQ,SALZER ELECTRONICS LIMITED,20,"-"
SAMBHV,EQ,SAMBHV STEEL TUBES LIMITED,20,"-"
SAMHI,EQ,SAMHI HOTELS LIMITED,20,"-"
SAMPANN,EQ,SAMPANN UTPADAN INDIA LIMITED,20,"-"
SANDESH,EQ,THE SANDESH LIMITED,20,"-"
SANDHAR,EQ,SANDHAR TECHNOLOGIES LIMITED,20,"-"
SANDUMA,EQ,SANDUR MANGANESE & IRON ORES LIMITED,20,"-"
SANGAMIND,EQ,SANGAM (INDIA) LIMITED,20,"-"
SANGHIIND,EQ,SANGHI INDUSTRIES LIMITED,20,"-"
SANGHVIMOV,EQ,SANGHVI MOVERS LIMITED,20,"-"
SANGINITA,EQ,SANGINITA CHEMICALS LIMITED,20,"-"
SANOFI,EQ,SANOFI INDIA LIMITED,20,"-"
SANOFICONR,EQ,SANOFI CONSUMER HEALTHCARE INDIA LIMITED,20,"-"
SANSERA,EQ,SANSERA ENGINEERING LIMITED,20,"-"
SANSTAR,EQ,SANSTAR LIMITED,20,"-"
SAPPHIRE,EQ,SAPPHIRE FOODS INDIA LIMITED,20,"-"
SARDAEN,EQ,SARDA ENERGY & MINERALS LIMITED,20,"-"
SAREGAMA,EQ,SAREGAMA INDIA LIMITED,20,"-"
SARLAPOLY,EQ,SARLA PERFORMANCE FIBERS LIMITED,20,"-"
SARTELE,SM,SAR TELEVENTURE LIMITED,20,"-"
SARVESHWAR,EQ,SARVESHWAR FOODS LIMITED,20,"-"
SASKEN,EQ,SASKEN TECHNOLOGIES LIMITED,20,"-"
SASTASUNDR,EQ,SASTASUNDAR VENTURES LIMITED,20,"-"
SATIA,EQ,SATIA INDUSTRIES LIMITED,20,"-"
SATIN,EQ,SATIN CREDITCARE NETWORK LIMITED,20,"-"
SATKARTAR,SM,SAT KARTAR SHOPPING LIMITED,20,"-"
SATTVAENGG,SM,SATTVA ENGINEERING CONSTRUCTION LIMITED,20,"-"
SAURASHCEM,EQ,SAURASHTRA CEMENT LIMITED,20,"-"
SAVY,SM,SAVY INFRA AND LOGISTICS LIMITED,20,"-"
SAWALIYA,SM,SAWALIYA FOOD PRODUCTS LIMITED,20,"-"
SBC,EQ,SBC EXPORTS LIMITED,20,"-"
SBCL,EQ,SHIVALIK BIMETAL CONTROLS LIMITED,20,"-"
SBFC,EQ,SBFC FINANCE LIMITED,20,"-"
SBGLP,EQ,SURATWWALA BUSINESS GROUP LIMITED,20,"-"
SBIBPB,EQ,SBI MUTUAL FUND - SBI BSE PSU BANK ETF,20,"-"
SBIETFCON,EQ,SBI MUTUAL FUND - SBI ETF CONSUMPTION,20,"-"
SBIETFIT,EQ,SBI MUTUAL FUND-SBI ETF IT,20,"-"
SBIETFPB,EQ,SBI MUTUAL FUND - SBI ETF PRIVATE BANK - SBI ETF PRIVATE BANK,20,"-"
SBIETFQLTY,EQ,SBI MUTUAL FUND - SBI - ETF QUALITY - SBI-ETF QUALITY,20,"-"
SBINEQWETF,EQ,SBI MUTUAL FUND - SBI NIFTY50 EQUAL WEIGHT ETF,20,"-"
SBISILVER,EQ,SBI MUTUAL FUND - SBI SILVER ETF,20,"-"
SCHAEFFLER,EQ,SCHAEFFLER INDIA LIMITED,20,"-"
SCHAND,EQ,S CHAND AND COMPANY LIMITED,20,"-"
SCHNEIDER,EQ,SCHNEIDER ELECTRIC INFRASTRUCTURE LIMITED,20,"-"
SCI,EQ,SHIPPING CORPORATION OF INDIA LIMITED,20,"-"
SCILAL,EQ,SHIPPING CORPORATION OF INDIA LAND AND ASSETS LIMITED,20,"-"
SCODATUBES,EQ,SCODA TUBES LIMITED,20,"-"
SDBL,EQ,SOM DISTILLERIES & BREWERIES LIMITED,20,"-"
SDL26BEES,EQ,NIPPON INDIA ETF NIFTY SDL APR 2026 TOP 20 EQUAL WEIGHT,20,"-"
SDREAMS,SM,S D RETAIL LIMITED,20,"-"
SEAMECLTD,EQ,SEAMEC LIMITED,20,"-"
SECMARK,EQ,SECMARK CONSULTANCY LIMITED,20,"-"
SEITINVIT,IV,SUSTAINABLE ENERGY INFRA TRUST,20,"-"
SEL,SM,SUNGARNER ENERGIES LIMITED,20,"-"
SELECTIPO,EQ,MIRAE ASSET MUTUAL FUND - MIRAE ASSET BSE SELECT IPO ETF,20,"-"
SELLOWRAP,SM,SELLOWRAP INDUSTRIES LIMITED,20,"-"
SENCO,EQ,SENCO GOLD LIMITED,20,"-"
SENORES,EQ,SENORES PHARMACEUTICALS LIMITED,20,"-"
SENSEXADD,EQ,DSP BSE SENSEX ETF,20,"-"
SENSEXBETA,EQ,UTI BSE SENSEX ETF,20,"-"
SENSEXETF,EQ,MIRAE ASSET MUTUAL FUND - MIRAE ASSET S&P BSE SENSEX ETF,20,"-"
SENSEXIETF,EQ,ICICI PRUDENTIAL BSE SENSEX ETF,20,"-"
SEPC,EQ,SEPC LIMITED,20,"-"
SERVICE,SM,SERVICE CARE LIMITED,20,"-"
SESHAPAPER,EQ,SESHASAYEE PAPER AND BOARDS LIMITED,20,"-"
SETFGOLD,EQ,SBI-ETF GOLD,20,"-"
SETFNIF50,EQ,SBI-ETF NIFTY 50,20,"-"
SETFNIFBK,EQ,SBI-ETF NIFTY BANK,20,"-"
SETFNN50,EQ,SBI-ETF NIFTY NEXT 50,20,"-"
SETL,EQ,STANDARD ENGINEERING TECHNOLOGY LIMITED,20,"-"
SFL,EQ,SHEELA FOAM LIMITED,20,"-"
SFML,SM,SUPREME FACILITY MANAGEMENT LIMITED,20,"-"
SGFIN,EQ,SG FINSERVE LIMITED,20,"-"
SGIL,EQ,SYNERGY GREEN INDUSTRIES LIMITED,20,"-"
SGL,EQ,STL GLOBAL LIMITED,20,"-"
SGMART,EQ,SG MART LIMITED,20,"-"
SHADOWFAX,EQ,SHADOWFAX TECHNOLOGIES LIMITED,20,"-"
SHAH,EQ,SHAH METACORP LIMITED,20,"-"
SHAILY,EQ,SHAILY ENGINEERING PLASTICS LIMITED,20,"-"
SHAKTIPUMP,EQ,SHAKTI PUMPS (INDIA) LIMITED,20,"-"
SHALBY,EQ,SHALBY LIMITED,20,"-"
SHALPAINTS,EQ,SHALIMAR PAINTS LIMITED,20,"-"
SHANKARA,EQ,SHANKARA BUILDING PRODUCTS LIMITED,20,"-"
SHANTI,EQ,SHANTI OVERSEAS (INDIA) LIMITED,20,"-"
SHANTIGEAR,EQ,SHANTHI GEARS LIMITED,20,"-"
SHANTIGOLD,EQ,SHANTI GOLD INTERNATIONAL LIMITED,20,"-"
SHARDACROP,EQ,SHARDA CROPCHEM LIMITED,20,"-"
SHARDAMOTR,EQ,SHARDA MOTOR INDUSTRIES LIMITED,20,"-"
SHARIABEES,EQ,NIPPON INDIA ETF NIFTY 50 SHARIAH BEES,20,"-"
SHEEL,SM,SHEEL BIOTECH LIMITED,20,"-"
SHEKHAWATI,EQ,SHEKHAWATI INDUSTRIES LIMITED,20,"-"
SHEMAROO,EQ,SHEMAROO ENTERTAINMENT LIMITED,20,"-"
SHERA,SM,SHERA ENERGY LIMITED,20,"-"
SHETHJI,SM,SHREEJI GLOBAL FMCG LIMITED,20,"-"
SHIGAN,SM,SHIGAN QUANTUM TECHNOLOGIES LIMITED,20,"-"
SHILCTECH,EQ,SHILCHAR TECHNOLOGIES LIMITED,20,"-"
SHILPAMED,EQ,SHILPA MEDICARE LIMITED,20,"-"
SHIVALIK,EQ,SHIVALIK RASAYAN LIMITED,20,"-"
SHIVAMAUTO,EQ,SHIVAM AUTOTECH LIMITED,20,"-"
SHIVAMILLS,EQ,SHIVA MILLS LIMITED,20,"-"
SHIVASHRIT,SM,SHIVASHRIT FOODS LIMITED,20,"-"
SHIVATEX,EQ,SHIVA TEXYARN LIMITED,20,"-"
SHK,EQ,S H KELKAR AND COMPANY LIMITED,20,"-"
SHKSIL,SM,SHRI HARE-KRISHNA SPONGE IRON LIMITED,20,"-"
SHOPERSTOP,EQ,SHOPPERS STOP LIMITED,20,"-"
SHRADHA,EQ,SHRADHA INFRAPROJECTS LIMITED,20,"-"
SHREDIGCEM,EQ,SHREE DIGVIJAY CEMENT CO.LTD,20,"-"
SHREEKARNI,SM,SHREE KARNI FABCOM LIMITED,20,"-"
SHREEOSFM,SM,SHREE OSFM E-MOBILITY LIMITED,20,"-"
SHREEPUSHK,EQ,SHREE PUSHKAR CHEMICALS & FERTILISERS LIMITED,20,"-"
SHREMINVIT,IV,SHREM INVIT,20,"-"
SHREYANIND,EQ,SHREYANS INDUSTRIES LIMITED,20,"-"
SHRIAHIMSA,SM,SHRI AHIMSA NATURALS LIMITED,20,"-"
SHRINGARMS,EQ,SHRINGAR HOUSE OF MANGALSUTRA LIMITED,20,"-"
SHRIPISTON,EQ,SHRIRAM PISTONS & RINGS LIMITED,20,"-"
SHRIRAMPPS,EQ,SHRIRAM PROPERTIES LIMITED,20,"-"
SHRITECH,SM,SHRI TECHTEX LIMITED,20,"-"
SHUBHSHREE,SM,SHUBHSHREE BIOFUELS ENERGY LIMITED,20,"-"
SHYAMDHANI,SM,SHYAM DHANI INDUSTRIES LIMITED,20,"-"
SHYAMMETL,EQ,SHYAM METALICS AND ENERGY LIMITED,20,"-"
SHYAMTEL,EQ,SHYAM TELECOM LIMITED,20,"GSM STAGE - 0"
SIGACHI,EQ,SIGACHI INDUSTRIES LIMITED,20,"-"
SIGIND,EQ,SIGNET INDUSTRIES LIMITED,20,"-"
SIGMA,EQ,SIGMA SOLVE LIMITED,20,"-"
SIGNATURE,EQ,SIGNATUREGLOBAL (INDIA) LIMITED,20,"-"
SIGNPOST,EQ,SIGNPOST INDIA LIMITED,20,"-"
SIL,EQ,STANDARD INDUSTRIES LIMITED,20,"-"
SILINV,EQ,SIL INVESTMENTS LIMITED,20,"-"
SILKY,SM,SILKY OVERSEAS LIMITED,20,"-"
SILVER,EQ,ADITYA BIRLA SUN LIFE MUTUAL FUND - ADITYA BIRLA SUN LIFE SILVER ETF,20,"-"
SILVER1,EQ,KOTAK MAHINDRA MUTUAL FUND - KOTAK SILVER ETF,20,"-"
SILVER360,EQ,360 ONE MUTUAL FUND - 360 ONE SILVER ETF,20,"-"
SILVERADD,EQ,DSP  MUTUAL FUND - DSP SILVER ETF,20,"-"
SILVERAG,EQ,MIRAE ASSET MUTUAL FUND - MIRAE ASSET SILVER ETF,20,"-"
SILVERBEES,EQ,NIPPON INDIA MUTUAL FUND - NIPPON INDIA SILVER ETF,20,"-"
SILVERBETA,EQ,UTI MUTUAL FUND - UTI SILVER EXCHANGE TRADED FUND (UTI SILVER ETF),20,"-"
SILVERBND,EQ,BANDHAN MUTUAL FUND - BANDHAN SILVER ETF,20,"-"
SILVERCASE,EQ,ZERODHA FUND HOUSE - ZERODHA SILVER ETF,20,"-"
SILVERIETF,EQ,ICICI PRUDENTIAL MUTUAL FUND - ICICI PRUDENTIAL SILVER ETF,20,"-"
SIMPLEXINF,EQ,SIMPLEX INFRASTRUCTURES LIMITED,20,"-"
SINCLAIR,EQ,SINCLAIRS HOTELS LIMITED,20,"-"
SINDHUTRAD,EQ,SINDHU TRADE LINKS LIMITED,20,"-"
SINTERCOM,EQ,SINTERCOM INDIA LIMITED,20,"-"
SIRCA,EQ,SIRCA PAINTS INDIA LIMITED,20,"-"
SIS,EQ,SIS LIMITED,20,"-"
SIYSIL,EQ,SIYARAM SILK MILLS LIMITED,20,"-"
SJLOGISTIC,SM,S J LOGISTICS (INDIA) LIMITED,20,"-"
SJS,EQ,S.J.S. ENTERPRISES LIMITED,20,"-"
SJVN,EQ,SJVN LIMITED,20,"-"
SKFINDIA,EQ,SKF INDIA LIMITED,20,"-"
SKFINDUS,EQ,SKF INDIA (INDUSTRIAL) LIMITED,20,"-"
SKIPPER,EQ,SKIPPER LIMITED,20,"-"
SKMEGGPROD,EQ,SKM EGG PRODUCTS EXPORT (INDIA) LIMITED,20,"-"
SKP,SM,SKP BEARING INDUSTRIES LIMITED,20,"-"
SKYGOLD,EQ,SKY GOLD AND DIAMONDS LIMITED,20,"-"
SMALL250,EQ,MIRAE ASSET MUTUAL FUND - MIRAE ASSET NIFTY SMALLCAP 250 ETF,20,"-"
SMALLADD,EQ,DSP MUTUAL FUND - DSP NIFTY SMALLCAP 250 ETF,20,"-"
SMALLCAP,EQ,MIRAE ASSET MF-MIRAE ASSET NIFTY SMALLCAP 250 MOMENTUM QUALITY 100 ETF,20,"-"
SMARTEN,SM,SMARTEN POWER SYSTEMS LIMITED,20,"-"
SMARTLINK,EQ,SMARTLINK HOLDINGS LIMITED,20,"-"
SMARTWORKS,EQ,SMARTWORKS COWORKING SPACES LIMITED,20,"-"
SMCGLOBAL,EQ,SMC GLOBAL SECURITIES LIMITED,20,"-"
SML100CASE,EQ,ZERODHA FUND HOUSE - ZERODHA NIFTY SMALLCAP 100 ETF,20,"-"
SMLT,EQ,SARTHAK METALS LIMITED,20,"-"
SMSPHARMA,EQ,SMS PHARMACEUTICALS LIMITED,20,"-"
SNEHAA,SM,SNEHAA ORGANICS LIMITED,20,"-"
SNOWMAN,EQ,SNOWMAN LOGISTICS LIMITED,20,"-"
SNXT30BEES,EQ,NIPPON INDIA MUTUAL FUND - NIPPON INDIA BSE SENSEX NEXT 30 ETF,20,"-"
SNXT50BETA,EQ,UTI BSE SENSEX NEXT 50 ETF,20,"-"
SOBHA,EQ,SOBHA LIMITED,20,"-"
SOFTTECH,EQ,SOFTTECH ENGINEERS LIMITED,20,"-"
SOLARA,EQ,SOLARA ACTIVE PHARMA SCIENCES LIMITED,20,"-"
SOLARAPP1,E1,SOLARA ACTIVE PHARMA SCIENCES LIMITED,20,"-"
SOLARWORLD,EQ,SOLARWORLD ENERGY SOLUTIONS LIMITED,20,"-"
SOLEX,EQ,SOLEX ENERGY LIMITED,20,"-"
SOMANYCERA,EQ,SOMANY CERAMICS LIMITED,20,"-"
SOMICONVEY,EQ,SOMI CONVEYOR BELTINGS LIMITED,20,"-"
SONAMAC,SM,SONA MACHINERY LIMITED,20,"-"
SONAMLTD,EQ,SONAM LIMITED,20,"-"
SONATSOFTW,EQ,SONATA SOFTWARE LIMITED,20,"-"
SOTL,EQ,SAVITA OIL TECHNOLOGIES LIMITED,20,"-"
SOUTHBANK,EQ,THE SOUTH INDIAN BANK LIMITED,20,"-"
SPAL,EQ,S. P. APPARELS LIMITED,20,"-"
SPANDANA,EQ,SPANDANA SPHOORTY FINANCIAL LIMITED,20,"-"
SPARC,EQ,SUN PHARMA ADVANCED RESEARCH COMPANY LIMITED,20,"-"
SPEB,SM,SPEB ADHESIVES LIMITED,20,"-"
SPECIALITY,EQ,SPECIALITY RESTAURANTS LIMITED,20,"-"
SPECTRUM,EQ,SPECTRUM ELECTRICAL INDUSTRIES LIMITED,20,"-"
SPENCERS,EQ,SPENCER'S RETAIL LIMITED,20,"-"
SPIC,EQ,SOUTHERN PETROCHEMICALS INDUSTRIES CORPORATION  LIMITED,20,"-"
SPLIL,EQ,SPL INDUSTRIES LIMITED,20,"-"
SPLPETRO,EQ,SUPREME PETROCHEM LIMITED,20,"-"
SPMLINFRA,EQ,SPML INFRA LIMITED,20,"-"
SPORTKING,EQ,SPORTKING INDIA LIMITED,20,"-"
SPUNWEB,SM,SPUNWEB NONWOVEN LIMITED,20,"-"
SRD,EQ,SHANKAR LAL RAMPAL DYE-CHEM LIMITED,20,"-"
SREEL,EQ,SREELEATHERS LIMITED,20,"-"
SRGHFL,EQ,SRG HOUSING FINANCE LIMITED,20,"-"
SRHHYPOLTD,EQ,SREE RAYALASEEMA HI-STRENGTH HYPO LIMITED,20,"-"
SRIVASAVI,SM,SRIVASAVI ADHESIVE TAPES LIMITED,20,"-"
SRM,EQ,SRM CONTRACTORS LIMITED,20,"-"
SSDL,EQ,SARASWATI SAREE DEPOT LIMITED,20,"-"
SSEGL,SM,SATHLOKHAR SYNERGYS E&C GLOBAL LIMITED,20,"-"
SSFL,SM,SRIVARI SPICES AND FOODS LIMITED,20,"-"
SSFLPP,E1,SPANDANA SPHOORTY FINANCIAL LIMITED,20,"-"
SSWL,EQ,STEEL STRIPS WHEELS LIMITED,20,"-"
STANLEY,EQ,STANLEY LIFESTYLES LIMITED,20,"-"
STAR,EQ,STRIDES PHARMA SCIENCE LIMITED,20,"-"
STARCEMENT,EQ,STAR CEMENT LIMITED,20,"-"
STARHEALTH,EQ,STAR HEALTH AND ALLIED INSURANCE COMPANY LIMITED,20,"-"
STARPAPER,EQ,STAR PAPER MILLS LIMITED,20,"-"
STARTECK,EQ,STARTECK FINANCE LIMITED,20,"-"
STCINDIA,EQ,THE STATE TRADING CORPORATION OF INDIA LIMITED,20,"-"
STEELCAS,EQ,STEELCAST LIMITED,20,"-"
STEELCITY,EQ,STEEL CITY SECURITIES LIMITED,20,"-"
STEELXIND,EQ,STEEL EXCHANGE INDIA LIMITED,20,"-"
STEL,EQ,STEL HOLDINGS LIMITED,20,"-"
STERTOOLS,EQ,STERLING TOOLS LIMITED,20,"-"
STLNETWORK,EQ,STL NETWORKS LIMITED,20,"-"
STLTECH,EQ,STERLITE TECHNOLOGIES LIMITED,20,"-"
STOVEKRAFT,EQ,STOVE KRAFT LIMITED,20,"-"
STUDDS,EQ,STUDDS ACCESSORIES LIMITED,20,"-"
STUDIOLSD,SM,STUDIO LSD LIMITED,20,"-"
STYLAMIND,EQ,STYLAM INDUSTRIES LIMITED,20,"-"
STYRENIX,EQ,STYRENIX PERFORMANCE MATERIALS LIMITED,20,"-"
SUBAHOTELS,SM,SUBA HOTELS LIMITED,20,"-"
SUBEXLTD,EQ,SUBEX LIMITED,20,"-"
SUBROS,EQ,SUBROS LIMITED,20,"-"
SUDARCOLOR,EQ,SUDARSHAN COLORANTS INDIA LIMITED,20,"-"
SUDARSCHEM,EQ,SUDARSHAN CHEMICAL INDUSTRIES LIMITED,20,"-"
SUKHJITS,EQ,SUKHJIT STARCH & CHEMICALS LIMITED,20,"-"
SULA,EQ,SULA VINEYARDS LIMITED,20,"-"
SUMICHEM,EQ,SUMITOMO CHEMICAL INDIA LIMITED,20,"-"
SUMIT,EQ,SUMIT WOODS LIMITED,20,"-"
SUMMITSEC,EQ,SUMMIT SECURITIES LIMITED,20,"-"
SUNCLAY,EQ,SUNDARAM CLAYTON LIMITED,20,"-"
SUNDARAM,EQ,SUNDARAM MULTI PAP LIMITED,20,"-"
SUNDARMFIN,EQ,SUNDARAM FINANCE LIMITED,20,"-"
SUNDRMBRAK,EQ,SUNDARAM BRAKE LININGS LIMITED,20,"-"
SUNDRMFAST,EQ,SUNDRAM FASTENERS LIMITED,20,"-"
SUNDROP,EQ,SUNDROP BRANDS LIMITED,20,"-"
SUNFLAG,EQ,SUNFLAG IRON AND STEEL COMPANY LIMITED,20,"-"
SUNREST,SM,SUNREST LIFESCIENCE LIMITED,20,"-"
SUNTECH,SM,SUNTECH INFRA SOLUTIONS LIMITED,20,"-"
SUNTECK,EQ,SUNTECK REALTY LIMITED,20,"-"
SUNTV,EQ,SUN TV NETWORK LIMITED,20,"-"
SUPERHOUSE,EQ,SUPERHOUSE LIMITED,20,"-"
SUPERSPIN,EQ,SUPER SPINNING MILLS LIMITED,20,"-"
SUPRAJIT,EQ,SUPRAJIT ENGINEERING LIMITED,20,"-"
SUPREME,EQ,SUPREME HOLDINGS & HOSPITALITY (INDIA) LIMITED,20,"-"
SUPREMEPWR,SM,SUPREME POWER EQUIPMENT LIMITED,20,"-"
SUPRIYA,EQ,SUPRIYA LIFESCIENCE LIMITED,20,"-"
SURAJEST,EQ,SURAJ ESTATE DEVELOPERS LIMITED,20,"-"
SURAJLTD,EQ,SURAJ LIMITED,20,"-"
SURAKSHA,EQ,SURAKSHA DIAGNOSTIC LIMITED,20,"-"
SURANASOL,EQ,SURANA SOLAR LIMITED,20,"-"
SURANAT&P,EQ,SURANA TELECOM AND POWER LIMITED,20,"-"
SURANI,SM,SURANI STEEL TUBES LIMITED,20,"-"
SURYALAXMI,EQ,SURYALAKSHMI COTTON MILLS LIMITED,20,"-"
SURYAROSNI,EQ,SURYA ROSHNI LIMITED,20,"-"
SURYODAY,EQ,SURYODAY SMALL FINANCE BANK LIMITED,20,"-"
SUTLEJTEX,EQ,SUTLEJ TEXTILES AND INDUSTRIES LIMITED,20,"-"
SUVEN,EQ,SUVEN LIFE SCIENCES LIMITED,20,"-"
SUVIDHAA,EQ,SUVIDHAA INFOSERVE LIMITED,20,"-"
SUYOG,EQ,SUYOG TELEMATICS LIMITED,20,"-"
SWANCORP,EQ,SWAN CORP LIMITED,20,"-"
SWARAJENG,EQ,SWARAJ ENGINES LIMITED,20,"-"
SWASTIK,SM,SWASTIK PIPE LIMITED,20,"-"
SWELECTES,EQ,SWELECT ENERGY SYSTEMS LIMITED,20,"-"
SWSOLAR,EQ,STERLING AND WILSON RENEWABLE ENERGY LIMITED,20,"-"
SYLVANPLY,SM,SYLVAN PLYBOARD (INDIA) LIMITED,20,"-"
SYMPHONY,EQ,SYMPHONY LIMITED,20,"-"
SYNCOMF,EQ,SYNCOM FORMULATIONS (INDIA) LIMITED,20,"-"
SYRMA,EQ,SYRMA SGS TECHNOLOGY LIMITED,20,"-"
TAINWALCHM,EQ,TAINWALA CHEMICAL AND PLASTIC (I) LIMITED,20,"-"
TAJGVK,EQ,TAJ GVK HOTELS & RESORTS LIMITED,20,"-"
TALBROAUTO,EQ,TALBROS AUTOMOTIVE COMPONENTS LIMITED,20,"-"
TANLA,EQ,TANLA PLATFORMS LIMITED,20,"-"
TARACHAND,EQ,TARA CHAND INFRALOGISTIC SOLUTIONS LIMITED,20,"-"
TARC,EQ,TARC LIMITED,20,"-"
TARIL,EQ,TRANSFORMERS AND RECTIFIERS (INDIA) LIMITED,20,"-"
TARMAT,EQ,TARMAT LIMITED,20,"-"
TARSONS,EQ,TARSONS PRODUCTS LIMITED,20,"-"
TASTYBITE,EQ,TASTY BITE EATABLES LIMITED,20,"-"
TATACHEM,EQ,TATA CHEMICALS LIMITED,20,"-"
TATACOMM,EQ,TATA COMMUNICATIONS LIMITED,20,"-"
TATAGOLD,EQ,TATA MUTUAL FUND TATA GOLD EXCHANGE TRADED FUND,20,"-"
TATAINVEST,EQ,TATA INVESTMENT CORPORATION LIMITED,20,"-"
TATSILV,EQ,TATA MUTUAL FUND TATA SILVER EXCHANGE TRADED FUND,20,"-"
TATVA,EQ,TATVA CHINTAN PHARMA CHEM LIMITED,20,"-"
TAURIAN,SM,TAURIAN MPS LIMITED,20,"-"
TBI,SM,TBI CORN LIMITED,20,"-"
TBOTEK,EQ,TBO TEK LIMITED,20,"-"
TBZ,EQ,TRIBHOVANDAS BHIMJI ZAVERI LIMITED,20,"-"
TCI,EQ,TRANSPORT CORPORATION OF INDIA LIMITED,20,"-"
TCIEXP,EQ,TCI EXPRESS LIMITED,20,"-"
TCL,SM,THAAI CASTING LIMITED,20,"-"
TCPLPACK,EQ,TCPL PACKAGING LIMITED,20,"-"
TDPOWERSYS,EQ,TD POWER SYSTEMS LIMITED,20,"-"
TEAMGTY,EQ,TEAM INDIA GUARANTY LIMITED,20,"-"
TEAMLEASE,EQ,TEAMLEASE SERVICES LIMITED,20,"-"
TECH,EQ,ADITYA BIRLA SUN LIFE MUTUAL FUND - ADITYA BIRLA SUN LIFE NIFTY IT ETF,20,"-"
TECHD,SM,TECHD CYBERSECURITY LIMITED,20,"-"
TECHNOE,EQ,TECHNO ELECTRIC & ENGINEERING COMPANY LIMITED,20,"-"
TEGA,EQ,TEGA INDUSTRIES LIMITED,20,"-"
TEJASNET,EQ,TEJAS NETWORKS LIMITED,20,"-"
TENNIND,EQ,TENNECO CLEAN AIR INDIA LIMITED,20,"-"
TEXINFRA,EQ,TEXMACO INFRASTRUCTURE & HOLDINGS LIMITED,20,"-"
TEXMOPIPES,EQ,TEXMO PIPES AND PRODUCTS LIMITED,20,"-"
TEXRAIL,EQ,TEXMACO RAIL & ENGINEERING LIMITED,20,"-"
TFCILTD,EQ,TOURISM FINANCE CORPORATION OF INDIA LIMITED,20,"-"
TFL,EQ,TRANSWARRANTY FINANCE LIMITED,20,"-"
TGBHOTELS,EQ,TGB BANQUETS AND HOTELS LIMITED,20,"-"
THEINVEST,EQ,THE INVESTMENT TRUST OF INDIA LIMITED,20,"-"
THEJO,EQ,THEJO ENGINEERING LIMITED,20,"-"
THEMISMED,EQ,THEMIS MEDICARE LIMITED,20,"-"
THERMAX,EQ,THERMAX LIMITED,20,"-"
THOMASCOOK,EQ,THOMAS COOK  (INDIA)  LIMITED,20,"-"
THOMASCOTT,EQ,THOMAS SCOTT (INDIA) LIMITED,20,"-"
THYROCARE,EQ,THYROCARE TECHNOLOGIES LIMITED,20,"-"
TI,EQ,TILAKNAGAR INDUSTRIES LIMITED,20,"-"
TIGERLOGS,EQ,TIGER LOGISTICS (INDIA) LIMITED,20,"-"
TIIL,EQ,TECHNOCRAFT INDUSTRIES (INDIA) LIMITED,20,"-"
TIJARIA,EQ,TIJARIA POLYPIPES LIMITED,20,"GSM STAGE - 0"
TIL,EQ,TIL LIMITED,20,"-"
TIMETECHNO,EQ,TIME TECHNOPLAST LIMITED,20,"-"
TIMKEN,EQ,TIMKEN INDIA LIMITED,20,"-"
TINNARUBR,EQ,TINNA RUBBER AND INFRASTRUCTURE LIMITED,20,"-"
TIPSFILMS,EQ,TIPS FILMS LIMITED,20,"-"
TIPSMUSIC,EQ,TIPS MUSIC LIMITED,20,"-"
TIRUMALCHM,EQ,THIRUMALAI CHEMICALS LIMITED,20,"-"
TIRUPATIFL,EQ,TIRUPATI FORGE LIMITED,20,"-"
TITAGARH,EQ,TITAGARH RAIL SYSTEMS LIMITED,20,"-"
TMB,EQ,TAMILNAD MERCANTILE BANK LIMITED,20,"-"
TMCV,EQ,TATA MOTORS LIMITED,20,"-"
TNIDETF,EQ,TATA MUTUAL FUND - TATA NIFTY INDIA DIGITAL EXCHANGE TRADED FUND,20,"-"
TNPETRO,EQ,TAMILNADU PETROPRODUCTS LIMITED,20,"-"
TNPL,EQ,TAMIL NADU NEWSPRINT & PAPERS LIMITED,20,"-"
TOKYOPLAST,EQ,TOKYO PLAST INTERNATIONAL LIMITED,20,"-"
TOLINS,EQ,TOLINS TYRES LIMITED,20,"-"
TOP100CASE,EQ,ZERODHA FUND HOUSE - ZERODHA NIFTY 100 ETF,20,"-"
TOP10ADD,EQ,DSP MUTUAL FUND - DSP NIFTY TOP 10 EQUAL WEIGHT ETF,20,"-"
TOP15IETF,EQ,ICICI PRUDENTIAL MF - ICICI PRUDENTIAL NIFTY TOP 15 EQUAL WEIGHT ETF,20,"-"
TOP20,EQ,MIRAE ASSET MUTUAL FUND - MIRAE ASSET NIFTY TOP 20 EQUAL WEIGHT ETF,20,"-"
TOTAL,EQ,TOTAL TRANSPORT SYSTEMS LIMITED,20,"-"
TOUCHWOOD,EQ,TOUCHWOOD ENTERTAINMENT LIMITED,20,"-"
TPLPLASTEH,EQ,TPL PLASTECH LIMITED,20,"-"
TRACXN,EQ,TRACXN TECHNOLOGIES LIMITED,20,"-"
TRANSRAILL,EQ,TRANSRAIL LIGHTING LIMITED,20,"-"
TRANSTEEL,SM,TRANSTEEL SEATING TECHNOLOGIES LIMITED,20,"-"
TRANSWORLD,EQ,TRANSWORLD SHIPPING LINES LIMITED,20,"-"
TREEHOUSE,EQ,TREE HOUSE EDUCATION & ACCESSORIES LIMITED,20,"-"
TREL,EQ,TRANSINDIA REAL ESTATE LIMITED,20,"-"
TRF,EQ,TRF LIMITED,20,"-"
TRIDENT,EQ,TRIDENT LIMITED,20,"-"
TRIDHYA,SM,TRIDHYA TECH LIMITED,20,"-"
TRITURBINE,EQ,TRIVENI TURBINE LIMITED,20,"-"
TRIVENI,EQ,TRIVENI ENGINEERING & INDUSTRIES LIMITED,20,"-"
TROM,SM,TROM INDUSTRIES LIMITED,20,"-"
TRUALT,EQ,TRUALT BIOENERGY LIMITED,20,"-"
TRUST,SM,TRUST FINTECH LIMITED,20,"-"
TSC,SM,TSC INDIA LIMITED,20,"-"
TSFINV,EQ,TSF INVESTMENTS LIMITED,20,"-"
TTKHLTCARE,EQ,TTK HEALTHCARE LIMITED,20,"-"
TTKPRESTIG,EQ,TTK PRESTIGE LIMITED,20,"-"
TTL,EQ,T T LIMITED,20,"-"
TTML,EQ,TATA TELESERVICES (MAHARASHTRA) LIMITED,20,"-"
TVSHLTD,EQ,TVS HOLDINGS LIMITED,20,"-"
TVSINVIT,IV,TVS INFRASTRUCTURE TRUST,20,"-"
TVSSCS,EQ,TVS SUPPLY CHAIN SOLUTIONS LIMITED,20,"-"
TVSSRICHAK,EQ,TVS SRICHAKRA LIMITED,20,"-"
TVTODAY,EQ,TV TODAY NETWORK LIMITED,20,"-"
TWCGOLDETF,EQ,THE WEALTH COMPANY MUTUAL FUND - THE WEALTH COMPANY GOLD ETF,20,"-"
UBL,EQ,UNITED BREWERIES LIMITED,20,"-"
UCAL,EQ,UCAL LIMITED,20,"-"
UCL,SM,USHANTI COLOUR CHEM LIMITED,20,"-"
UCOBANK,EQ,UCO BANK,20,"-"
UDS,EQ,UPDATER SERVICES LIMITED,20,"-"
UFLEX,EQ,UFLEX LIMITED,20,"-"
UFO,EQ,UFO MOVIEZ INDIA LIMITED,20,"-"
UGARSUGAR,EQ,THE UGAR SUGAR WORKS LIMITED,20,"-"
UGROCAP,EQ,UGRO CAPITAL LIMITED,20,"-"
UHTL,SM,UNITED HEAT TRANSFER LIMITED,20,"-"
UJJIVANSFB,EQ,UJJIVAN SMALL FINANCE BANK LIMITED,20,"-"
UMA,SM,UMA CONVERTER LIMITED,20,"-"
UMAEXPORTS,EQ,UMA EXPORTS LIMITED,20,"-"
UMESLTD,EQ,USHA MARTIN EDUCATION & SOLUTIONS LIMITED,20,"-"
UMIYA-MRO,EQ,UMIYA BUILDCON LIMITED,20,"-"
UNICHEMLAB,EQ,UNICHEM LABORATORIES LIMITED,20,"-"
UNIDT,EQ,UNITED DRILLING TOOLS LIMITED,20,"-"
UNIECOM,EQ,UNICOMMERCE ESOLUTIONS LIMITED,20,"-"
UNIENTER,EQ,UNIPHOS ENTERPRISES LIMITED,20,"-"
UNIINFO,EQ,UNIINFO TELECOM SERVICES LIMITED,20,"GSM STAGE - 0"
UNILEX,SM,UNILEX COLOURS AND CHEMICALS LIMITED,20,"-"
UNIONGOLD,EQ,UNION MUTUAL FUND - UNION GOLD ETF,20,"-"
UNIPARTS,EQ,UNIPARTS INDIA LIMITED,20,"-"
UNITEDTEA,EQ,THE UNITED NILGIRI TEA ESTATES COMPANY LIMITED,20,"-"
UNIVASTU,EQ,UNIVASTU INDIA LIMITED,20,"-"
UNIVCABLES,EQ,UNIVERSAL CABLES LIMITED,20,"-"
UNIVPHOTO,EQ,UNIVERSUS PHOTO IMAGINGS LIMITED,20,"-"
URBAN,SM,URBAN ENVIRO WASTE MANAGEMENT LIMITED,20,"-"
URBANCO,EQ,URBAN COMPANY LIMITED,20,"-"
URJA,EQ,URJA GLOBAL LIMITED,20,"-"
USHAFIN,SM,USHA FINANCIAL SERVICES LIMITED,20,"-"
USHAMART,EQ,USHA MARTIN LIMITED,20,"-"
USK,EQ,UDAYSHIVAKUMAR INFRA LIMITED,20,"-"
UTIAMC,EQ,UTI ASSET MANAGEMENT COMPANY LIMITED,20,"-"
UTKARSHBNK,EQ,UTKARSH SMALL FINANCE BANK LIMITED,20,"-"
UTSSAV,SM,UTSSAV CZ GOLD JEWELS LIMITED,20,"-"
UTTAMSUGAR,EQ,UTTAM SUGAR MILLS LIMITED,20,"-"
VADILALIND,EQ,VADILAL INDUSTRIES LIMITED,20,"-"
VAIBHAVGBL,EQ,VAIBHAV GLOBAL LIMITED,20,"-"
VAISHALI,EQ,VAISHALI PHARMA LIMITED,20,"-"
VAKRANGEE,EQ,VAKRANGEE LIMITED,20,"-"
VAL30IETF,EQ,ICICI PRUDENTIAL MUTUAL FUND - ICICI PRUDENTIAL NIFTY200 VALUE 30 ETF,20,"-"
VALIANTLAB,EQ,VALIANT LABORATORIES LIMITED,20,"-"
VALIANTORG,EQ,VALIANT ORGANICS LIMITED,20,"-"
VARDHACRLC,EQ,VARDHMAN ACRYLICS LIMITED,20,"-"
VARDMNPOLY,EQ,VARDHMAN POLYTEX LIMITED,20,"-"
VARROC,EQ,VARROC ENGINEERING LIMITED,20,"-"
VASCONEQ,EQ,VASCON ENGINEERS LIMITED,20,"-"
VASWANI,EQ,VASWANI INDUSTRIES LIMITED,20,"-"
VDEAL,SM,VDEAL SYSTEM LIMITED,20,"-"
VEEDOL,EQ,VEEDOL CORPORATION LIMITED,20,"-"
VENKEYS,EQ,VENKY'S (INDIA) LIMITED,20,"-"
VENUSPIPES,EQ,VENUS PIPES & TUBES LIMITED,20,"-"
VERANDA,EQ,VERANDA LEARNING SOLUTIONS LIMITED,20,"-"
VERTIS,IV,VERTIS INFRASTRUCTURE TRUST,20,"-"
VERTOZ,EQ,VERTOZ LIMITED,20,"-"
VESUVIUS,EQ,VESUVIUS INDIA LIMITED,20,"-"
VETO,EQ,VETO SWITCHGEARS AND CABLES LIMITED,20,"-"
VGINFOTECH,SM,VIRTUAL GALAXY INFOTECH LIMITED,20,"-"
VGUARD,EQ,V-GUARD INDUSTRIES LIMITED,20,"-"
VHL,EQ,VARDHMAN HOLDINGS LIMITED,20,"-"
VICTORYEV,SM,VICTORY ELECTRIC VEHICLES INTERNATIONAL LIMITED,20,"-"
VIDHIING,EQ,VIDHI SPECIALTY FOOD INGREDIENTS LIMITED,20,"-"
VIDYAWIRES,EQ,VIDYA WIRES LIMITED,20,"-"
VIGOR,SM,VIGOR PLAST INDIA LIMITED,20,"-"
VIJAYA,EQ,VIJAYA DIAGNOSTIC CENTRE LIMITED,20,"-"
VIJAYPD,SM,VIJAYPD CEUTICAL LIMITED,20,"-"
VIKASECO,EQ,VIKAS ECOTECH LIMITED,20,"-"
VIKASLIFE,EQ,VIKAS LIFECARE LIMITED,20,"-"
VIKRAMSOLR,EQ,VIKRAM SOLAR LIMITED,20,"-"
VIKRAN,EQ,VIKRAN ENGINEERING LIMITED,20,"-"
VILAS,SM,VILAS TRANSCORE LIMITED,20,"-"
VIMTALABS,EQ,VIMTA LABS LIMITED,20,"-"
VINATIORGA,EQ,VINATI ORGANICS LIMITED,20,"-"
VINCOFE,EQ,VINTAGE COFFEE AND BEVERAGES LIMITED,20,"-"
VINDHYATEL,EQ,VINDHYA TELELINKS LIMITED,20,"-"
VINEETLAB,EQ,VINEET LABORATORIES LIMITED,20,"-"
VINNY,EQ,VINNY OVERSEAS LIMITED,20,"-"
VINSYS,SM,VINSYS IT SERVICES INDIA LIMITED,20,"-"
VINYAS,SM,VINYAS INNOVATIVE TECHNOLOGIES LIMITED,20,"-"
VINYLINDIA,EQ,VINYL CHEMICALS (INDIA) LIMITED,20,"-"
VIPCLOTHNG,EQ,VIP CLOTHING LIMITED,20,"-"
VIPIND,EQ,VIP INDUSTRIES LIMITED,20,"-"
VISAKAIND,EQ,VISAKA INDUSTRIES LIMITED,20,"-"
VISHNU,EQ,VISHNU CHEMICALS LIMITED,20,"-"
VISHNUINFR,SM,VISHNUSURYA PROJECTS AND INFRA LIMITED,20,"-"
VISHWARAJ,EQ,VISHWARAJ SUGAR INDUSTRIES LIMITED,20,"-"
VISHWAS,SM,VISHWAS AGRI SEEDS LIMITED,20,"-"
VIVIANA,SM,VIVIANA POWER TECH LIMITED,20,"-"
VIVIDHA,EQ,VISAGAR POLYTEX LIMITED,20,"GSM STAGE - 0"
VIYASH,EQ,VIYASH SCIENTIFIC LIMITED,20,"-"
VLINFRA,SM,V.L.INFRAPROJECTS LIMITED,20,"-"
VLSFINANCE,EQ,VLS FINANCE LIMITED,20,"-"
VMARCIND,SM,V MARC INDIA LIMITED,20,"-"
VMART,EQ,V-MART RETAIL LIMITED,20,"-"
VMM,EQ,VISHAL MEGA MART LIMITED,20,"-"
VMSTMT,EQ,VMS TMT LIMITED,20,"-"
VOLTAMP,EQ,VOLTAMP TRANSFORMERS LIMITED,20,"-"
VPRPL,EQ,VISHNU PRAKASH R PUNGLIA LIMITED,20,"-"
VRAJ,EQ,VRAJ IRON AND STEEL LIMITED,20,"-"
VRLLOG,EQ,VRL LOGISTICS LIMITED,20,"-"
VSSL,EQ,VARDHMAN SPECIAL STEELS LIMITED,20,"-"
VSTIND,EQ,VST INDUSTRIES LIMITED,20,"-"
VSTL,EQ,VIBHOR STEEL TUBES LIMITED,20,"-"
VSTTILLERS,EQ,V.S.T TILLERS TRACTORS LIMITED,20,"-"
VTL,EQ,VARDHMAN TEXTILES LIMITED,20,"-"
WAAREERTL,EQ,WAAREE RENEWABLE TECHNOLOGIES LIMITED,20,"-"
WABAG,EQ,VA TECH WABAG LIMITED,20,"-"
WAKEFIT,EQ,WAKEFIT INNOVATIONS LIMITED,20,"-"
WALCHANNAG,EQ,WALCHANDNAGAR INDUSTRIES LIMITED,20,"-"
WANBURY,EQ,WANBURY LIMITED,20,"-"
WCIL,EQ,WESTERN CARRIERS (INDIA) LIMITED,20,"-"
WEALTH,EQ,WEALTH FIRST PORTFOLIO MANAGERS LIMITED,20,"-"
WEBELSOLAR,EQ,WEBSOL ENERGY SYSTEM LIMITED,20,"-"
WEIZMANIND,EQ,WEIZMANN LIMITED,20,"-"
WEL,EQ,WONDER ELECTRICALS LIMITED,20,"-"
WELCORP,EQ,WELSPUN CORP LIMITED,20,"-"
WELENT,EQ,WELSPUN ENTERPRISES LIMITED,20,"-"
WELINV,EQ,WELSPUN INVESTMENTS AND COMMERCIALS LIMITED,20,"-"
WELSPUNLIV,EQ,WELSPUN LIVING LIMITED,20,"-"
WENDT,EQ,WENDT (INDIA) LIMITED,20,"-"
WESTLIFE,EQ,WESTLIFE FOODWORLD LIMITED,20,"-"
WEWORK,EQ,WEWORK INDIA MANAGEMENT LIMITED,20,"-"
WHEELS,EQ,WHEELS INDIA LIMITED,20,"-"
WHIRLPOOL,EQ,WHIRLPOOL OF INDIA LIMITED,20,"-"
WHITEFORCE,SM,HAPPY SQUARE OUTSOURCING SERVICES LIMITED,20,"-"
WILLAMAGOR,EQ,WILLIAMSON MAGOR & COMPANY LIMITED,20,"GSM STAGE - 0"
WINDLAS,EQ,WINDLAS BIOTECH LIMITED,20,"-"
WINDMACHIN,EQ,WINDSOR MACHINES LIMITED,20,"-"
WINNY,SM,WINNY IMMIGRATION & EDUCATION SERVICES LIMITED,20,"-"
WINSOL,SM,WINSOL ENGINEERS LIMITED,20,"-"
WIPL,EQ,THE WESTERN INDIA PLYWOODS LIMITED,20,"-"
WOCKPHARMA,EQ,WOCKHARDT LIMITED,20,"-"
WOMANCART,SM,WOMANCART LIMITED,20,"-"
WONDERLA,EQ,WONDERLA HOLIDAYS LIMITED,20,"-"
WORTHPERI,EQ,WORTH PERIPHERALS LIMITED,20,"-"
WSI,EQ,W S INDUSTRIES (I) LIMITED,20,"-"
WSTCSTPAPR,EQ,WEST COAST PAPER MILLS LIMITED,20,"-"
WTICAB,SM,WISE TRAVEL INDIA LIMITED,20,"-"
XCHANGING,EQ,XCHANGING SOLUTIONS LIMITED,20,"-"
XELPMOC,EQ,XELPMOC DESIGN AND TECH LIMITED,20,"-"
XPROINDIA,EQ,XPRO INDIA LIMITED,20,"-"
XTGLOBAL,EQ,XTGLOBAL INFOTECH LIMITED,20,"-"
YASHO,EQ,YASHO INDUSTRIES LIMITED,20,"-"
YASHOPTICS,SM,YASH OPTICS & LENS LIMITED,20,"-"
YATHARTH,EQ,YATHARTH HOSPITAL & TRAUMA CARE SERVICES LIMITED,20,"-"
YATRA,EQ,YATRA ONLINE LIMITED,20,"-"
YCCL,SM,YASONS CHEMEX CARE LIMITED,20,"-"
YUKEN,EQ,YUKEN INDIA LIMITED,20,"-"
ZAGGLE,EQ,ZAGGLE PREPAID OCEAN SERVICES LIMITED,20,"-"
ZEAL,SM,ZEAL GLOBAL SERVICES LIMITED,20,"-"
ZEEL,EQ,ZEE ENTERTAINMENT ENTERPRISES LIMITED,20,"-"
ZEELEARN,EQ,ZEE LEARN LIMITED,20,"-"
ZEEMEDIA,EQ,ZEE MEDIA CORPORATION LIMITED,20,"-"
ZENITHDRUG,SM,ZENITH DRUGS LIMITED,20,"-"
ZENSARTECH,EQ,ZENSAR TECHNOLOGIES LIMITED,20,"-"
ZENTEC,EQ,ZEN TECHNOLOGIES LIMITED,20,"-"
ZFCVINDIA,EQ,ZF COMMERCIAL VEHICLE CONTROL SYSTEMS INDIA LIMITED,20,"-"
ZIMLAB,EQ,ZIM LABORATORIES LIMITED,20,"-"
ZODIACLOTH,EQ,ZODIAC CLOTHING COMPANY LIMITED,20,"-"
ZOTA,EQ,ZOTA HEALTH CARE LIMITED,20,"-"
ZTECH,SM,Z-TECH (INDIA) LIMITED,20,"-"
ZUARI,EQ,ZUARI AGRO CHEMICALS LIMITED,20,"-"
ZUARIIND,EQ,ZUARI INDUSTRIES LIMITED,20,"-"
ZYDUSWELL,EQ,ZYDUS WELLNESS LIMITED,20,"-"
SILGO-RE1,BE,SILGO RETAIL LTD-RE,40,"-"
360ONE,EQ,360 ONE WAM LIMITED,No Band,"-"
ABB,EQ,ABB INDIA LIMITED,No Band,"-"
ABCAPITAL,EQ,ADITYA BIRLA CAPITAL LIMITED,No Band,"-"
ADANIENSOL,EQ,ADANI ENERGY SOLUTIONS LIMITED,No Band,"-"
ADANIENT,EQ,ADANI ENTERPRISES LIMITED,No Band,"-"
ADANIGREEN,EQ,ADANI GREEN ENERGY LIMITED,No Band,"-"
ADANIPORTS,EQ,ADANI PORTS AND SPECIAL ECONOMIC ZONE LIMITED,No Band,"-"
AIRTELPP,E1,BHARTI AIRTEL LIMITED,No Band,"-"
ALKEM,EQ,ALKEM LABORATORIES LIMITED,No Band,"-"
AMBER,EQ,AMBER ENTERPRISES INDIA LIMITED,No Band,"-"
AMBUJACEM,EQ,AMBUJA CEMENTS LIMITED,No Band,"-"
ANGELONE,EQ,ANGEL ONE LIMITED,No Band,"-"
APLAPOLLO,EQ,APL APOLLO TUBES LIMITED,No Band,"-"
APOLLOHOSP,EQ,APOLLO HOSPITALS ENTERPRISE LIMITED,No Band,"-"
ASHOKLEY,EQ,ASHOK LEYLAND LIMITED,No Band,"-"
ASIANPAINT,EQ,ASIAN PAINTS LIMITED,No Band,"-"
ASTRAL,EQ,ASTRAL LIMITED,No Band,"-"
AUBANK,EQ,AU SMALL FINANCE BANK LIMITED,No Band,"-"
AUROPHARMA,EQ,AUROBINDO PHARMA LIMITED,No Band,"-"
AXISBANK,EQ,AXIS BANK LIMITED,No Band,"-"
BAJAJ-AUTO,EQ,BAJAJ AUTO LIMITED,No Band,"-"
BAJAJFINSV,EQ,BAJAJ FINSERV LIMITED,No Band,"-"
BAJAJHLDNG,EQ,BAJAJ HOLDINGS & INVESTMENT LIMITED,No Band,"-"
BAJFINANCE,EQ,BAJAJ FINANCE LIMITED,No Band,"-"
BANDHANBNK,EQ,BANDHAN BANK LIMITED,No Band,"-"
BANKBARODA,EQ,BANK OF BARODA,No Band,"-"
BANKINDIA,EQ,BANK OF INDIA,No Band,"-"
BDL,EQ,BHARAT DYNAMICS LIMITED,No Band,"-"
BEL,EQ,BHARAT ELECTRONICS LIMITED,No Band,"-"
BHARATFORG,EQ,BHARAT FORGE LIMITED,No Band,"-"
BHARTIARTL,EQ,BHARTI AIRTEL LIMITED,No Band,"-"
BHEL,EQ,BHARAT HEAVY ELECTRICALS LIMITED,No Band,"-"
BIOCON,EQ,BIOCON LIMITED,No Band,"-"
BLUESTARCO,EQ,BLUE STAR LIMITED,No Band,"-"
BOSCHLTD,EQ,BOSCH LIMITED,No Band,"-	"
BPCL,EQ,BHARAT PETROLEUM CORPORATION LIMITED,No Band,"-"
BRITANNIA,EQ,BRITANNIA INDUSTRIES LIMITED,No Band,"-"
BSE,EQ,BSE LIMITED,No Band,"-"
CAMS,EQ,COMPUTER AGE MANAGEMENT SERVICES LIMITED,No Band,"-"
CANBK,EQ,CANARA BANK,No Band,"-"
CDSL,EQ,CENTRAL DEPOSITORY SERVICES (INDIA) LIMITED,No Band,"-"
CGPOWER,EQ,CG POWER AND INDUSTRIAL SOLUTIONS LIMITED,No Band,"-"
CHOLAFIN,EQ,CHOLAMANDALAM INVESTMENT AND FINANCE COMPANY LIMITED,No Band,"-"
CIPLA,EQ,CIPLA LIMITED,No Band,"-"
COALINDIA,EQ,COAL INDIA LIMITED,No Band,"-"
COFORGE,EQ,COFORGE LIMITED,No Band,"-"
COLPAL,EQ,COLGATE PALMOLIVE (INDIA) LIMITED,No Band,"-"
CONCOR,EQ,CONTAINER CORPORATION OF INDIA LIMITED,No Band,"-"
CROMPTON,EQ,CROMPTON GREAVES CONSUMER ELECTRICALS LIMITED,No Band,"-"
CUMMINSIND,EQ,CUMMINS INDIA LIMITED,No Band,"-"
DABUR,EQ,DABUR INDIA LIMITED,No Band,"-"
DALBHARAT,EQ,DALMIA BHARAT LIMITED,No Band,"-"
DELHIVERY,EQ,DELHIVERY LIMITED,No Band,"-"
DIVISLAB,EQ,DIVI'S LABORATORIES LIMITED,No Band,"-"
DIXON,EQ,DIXON TECHNOLOGIES (INDIA) LIMITED,No Band,"-"
DLF,EQ,DLF LIMITED,No Band,"-"
DMART,EQ,AVENUE SUPERMARTS LIMITED,No Band,"-"
DRREDDY,EQ,DR. REDDY'S LABORATORIES LIMITED,No Band,"-"
EICHERMOT,EQ,EICHER MOTORS LIMITED,No Band,"-"
ETERNAL,EQ,ETERNAL LIMITED,No Band,"-"
EXIDEIND,EQ,EXIDE INDUSTRIES LIMITED,No Band,"-"
FEDERALBNK,EQ,THE FEDERAL BANK  LIMITED,No Band,"-"
FORTIS,EQ,FORTIS HEALTHCARE LIMITED,No Band,"-"
GAIL,EQ,GAIL (INDIA) LIMITED,No Band,"-"
GLENMARK,EQ,GLENMARK PHARMACEUTICALS LIMITED,No Band,"-"
GMRAIRPORT,EQ,GMR AIRPORTS LIMITED,No Band,"-"
GODREJCP,EQ,GODREJ CONSUMER PRODUCTS LIMITED,No Band,"-"
GODREJPROP,EQ,GODREJ PROPERTIES LIMITED,No Band,"-"
GRASIM,EQ,GRASIM INDUSTRIES LIMITED,No Band,"-"
HAL,EQ,HINDUSTAN AERONAUTICS LIMITED,No Band,"-"
HAVELLS,EQ,HAVELLS INDIA LIMITED,No Band,"-"
HCLTECH,EQ,HCL TECHNOLOGIES LIMITED,No Band,"-"
HDFCAMC,EQ,HDFC ASSET MANAGEMENT COMPANY LIMITED,No Band,"-"
HDFCBANK,EQ,HDFC BANK LIMITED,No Band,"-"
HDFCLIFE,EQ,HDFC LIFE INSURANCE COMPANY LIMITED,No Band,"-"
HEROMOTOCO,EQ,HERO MOTOCORP LIMITED,No Band,"-"
HINDALCO,EQ,HINDALCO INDUSTRIES LIMITED,No Band,"-"
HINDPETRO,EQ,HINDUSTAN PETROLEUM CORPORATION LIMITED,No Band,"-"
HINDUNILVR,EQ,HINDUSTAN UNILEVER LIMITED,No Band,"-"
HINDZINC,EQ,HINDUSTAN ZINC LIMITED,No Band,"-"
HUDCO,EQ,HOUSING & URBAN DEVELOPMENT CORPORATION LIMITED,No Band,"-"
ICICIBANK,EQ,ICICI BANK LIMITED,No Band,"-"
ICICIGI,EQ,ICICI LOMBARD GENERAL INSURANCE COMPANY LIMITED,No Band,"-"
ICICIPRULI,EQ,ICICI PRUDENTIAL LIFE INSURANCE COMPANY LIMITED,No Band,"-"
IDEA,EQ,VODAFONE IDEA LIMITED,No Band,"-"
IDFCFIRSTB,EQ,IDFC FIRST BANK LIMITED,No Band,"-"
IEX,EQ,INDIAN ENERGY EXCHANGE LIMITED,No Band,"-"
INDHOTEL,EQ,THE INDIAN HOTELS COMPANY LIMITED,No Band,"-"
INDIANB,EQ,INDIAN BANK,No Band,"-"
INDIGO,EQ,INTERGLOBE AVIATION LIMITED,No Band,"-"
INDUSINDBK,EQ,INDUSIND BANK LIMITED,No Band,"-"
INDUSTOWER,EQ,INDUS TOWERS LIMITED,No Band,"-"
INFY,EQ,INFOSYS LIMITED,No Band,"-"
INOXWIND,EQ,INOX WIND LIMITED,No Band,"-"
IOC,EQ,INDIAN OIL CORPORATION LIMITED,No Band,"-"
IRCTC,EQ,INDIAN RAILWAY CATERING AND TOURISM CORPORATION LIMITED,No Band,"-"
IREDA,EQ,INDIAN RENEWABLE ENERGY DEVELOPMENT AGENCY LIMITED,No Band,"-"
IRFC,EQ,INDIAN RAILWAY FINANCE CORPORATION LIMITED,No Band,"-"
ITC,EQ,ITC LIMITED,No Band,"-"
JINDALSTEL,EQ,JINDAL STEEL LIMITED,No Band,"-"
JIOFIN,EQ,JIO FINANCIAL SERVICES LIMITED,No Band,"-"
JSWENERGY,EQ,JSW ENERGY LIMITED,No Band,"-"
JSWSTEEL,EQ,JSW STEEL LIMITED,No Band,"-"
JUBLFOOD,EQ,JUBILANT FOODWORKS LIMITED,No Band,"-"
KALYANKJIL,EQ,KALYAN JEWELLERS INDIA LIMITED,No Band,"-"
KAYNES,EQ,KAYNES TECHNOLOGY INDIA LIMITED,No Band,"-"
KEI,EQ,KEI INDUSTRIES LIMITED,No Band,"-"
KFINTECH,EQ,KFIN TECHNOLOGIES LIMITED,No Band,"-"
KOTAKBANK,EQ,KOTAK MAHINDRA BANK LIMITED,No Band,"-"
KPITTECH,EQ,KPIT TECHNOLOGIES LIMITED,No Band,"-"
LAURUSLABS,EQ,LAURUS LABS LIMITED,No Band,"-"
LICHSGFIN,EQ,LIC HOUSING FINANCE LIMITED,No Band,"-"
LICI,EQ,LIFE INSURANCE CORPORATION OF INDIA,No Band,"-"
LODHA,EQ,LODHA DEVELOPERS LIMITED,No Band,"-"
LT,EQ,LARSEN & TOUBRO LIMITED,No Band,"-"
LTF,EQ,L&T FINANCE LIMITED,No Band,"-"
LTIM,EQ,LTIMINDTREE LIMITED,No Band,"-"
LUPIN,EQ,LUPIN LIMITED,No Band,"-"
M&M,EQ,MAHINDRA & MAHINDRA LIMITED,No Band,"-"
MANAPPURAM,EQ,MANAPPURAM FINANCE LIMITED,No Band,"-"
MANKIND,EQ,MANKIND PHARMA LIMITED,No Band,"-"
MARICO,EQ,MARICO LIMITED,No Band,"-"
MARUTI,EQ,MARUTI SUZUKI INDIA LIMITED,No Band,"-"
MAXHEALTH,EQ,MAX HEALTHCARE INSTITUTE LIMITED,No Band,"-"
MAZDOCK,EQ,MAZAGON DOCK SHIPBUILDERS LIMITED,No Band,"-"
MCX,EQ,MULTI COMMODITY EXCHANGE OF INDIA LIMITED,No Band,"-"
MFSL,EQ,MAX FINANCIAL SERVICES LIMITED,No Band,"-"
MOTHERSON,EQ,SAMVARDHANA MOTHERSON INTERNATIONAL LIMITED,No Band,"-"
MPHASIS,EQ,MPHASIS LIMITED,No Band,"-"
MUTHOOTFIN,EQ,MUTHOOT FINANCE LIMITED,No Band,"-"
NATIONALUM,EQ,NATIONAL ALUMINIUM COMPANY LIMITED,No Band,"-"
NAUKRI,EQ,INFO EDGE (INDIA) LIMITED,No Band,"-"
NBCC,EQ,NBCC (INDIA) LIMITED,No Band,"-"
NESTLEIND,EQ,NESTLE INDIA LIMITED,No Band,"-"
NHPC,EQ,NHPC LIMITED,No Band,"-"
NMDC,EQ,NMDC LIMITED,No Band,"-"
NTPC,EQ,NTPC LIMITED,No Band,"-"
NUVAMA,EQ,NUVAMA WEALTH MANAGEMENT LIMITED,No Band,"-"
NYKAA,EQ,FSN E COMMERCE VENTURES LIMITED,No Band,"-"
OBEROIRLTY,EQ,OBEROI REALTY LIMITED,No Band,"-"
OFSS,EQ,ORACLE FINANCIAL SERVICES SOFTWARE LIMITED,No Band,"-"
OIL,EQ,OIL INDIA LIMITED,No Band,"-"
ONGC,EQ,OIL & NATURAL GAS CORPORATION LIMITED,No Band,"-"
PAGEIND,EQ,PAGE INDUSTRIES LIMITED,No Band,"-"
PATANJALI,EQ,PATANJALI FOODS LIMITED,No Band,"-"
PAYTM,EQ,ONE 97 COMMUNICATIONS LIMITED,No Band,"-"
PERSISTENT,EQ,PERSISTENT SYSTEMS LIMITED,No Band,"-"
PETRONET,EQ,PETRONET LNG LIMITED,No Band,"-"
PFC,EQ,POWER FINANCE CORPORATION LIMITED,No Band,"-"
PGEL,EQ,PG ELECTROPLAST LIMITED,No Band,"-"
PHOENIXLTD,EQ,THE PHOENIX MILLS LIMITED,No Band,"-"
PIDILITIND,EQ,PIDILITE INDUSTRIES LIMITED,No Band,"-"
PIIND,EQ,PI INDUSTRIES LIMITED,No Band,"-"
PNB,EQ,PUNJAB NATIONAL BANK,No Band,"-"
PNBHOUSING,EQ,PNB HOUSING FINANCE LIMITED,No Band,"-"
POLICYBZR,EQ,PB FINTECH LIMITED,No Band,"-"
POLYCAB,EQ,POLYCAB INDIA LIMITED,No Band,"-"
POWERGRID,EQ,POWER GRID CORPORATION OF INDIA LIMITED,No Band,"-"
POWERINDIA,EQ,HITACHI ENERGY INDIA LIMITED,No Band,"-"
PPLPHARMA,EQ,PIRAMAL PHARMA LIMITED,No Band,"-"
PREMIERENE,EQ,PREMIER ENERGIES LIMITED,No Band,"-"
PRESTIGE,EQ,PRESTIGE ESTATES PROJECTS LIMITED,No Band,"-"
RBLBANK,EQ,RBL BANK LIMITED,No Band,"-"
RECLTD,EQ,REC LIMITED,No Band,"-"
RELIANCE,EQ,RELIANCE INDUSTRIES LIMITED,No Band,"-"
RVNL,EQ,RAIL VIKAS NIGAM LIMITED,No Band,"-"
SAIL,EQ,STEEL AUTHORITY OF INDIA LIMITED,No Band,"-"
SAMMAANCAP,EQ,SAMMAAN CAPITAL LIMITED,No Band,"-"
SBICARD,EQ,SBI CARDS AND PAYMENT SERVICES LIMITED,No Band,"-"
SBILIFE,EQ,SBI LIFE INSURANCE COMPANY LIMITED,No Band,"-"
SBIN,EQ,STATE BANK OF INDIA,No Band,"-"
SHREECEM,EQ,SHREE CEMENT LIMITED,No Band,"-"
SHRIRAMFIN,EQ,SHRIRAM FINANCE LIMITED,No Band,"-"
SIEMENS,EQ,SIEMENS LIMITED,No Band,"-"
SOLARINDS,EQ,SOLAR INDUSTRIES INDIA LIMITED,No Band,"-"
SONACOMS,EQ,SONA BLW PRECISION FORGINGS LIMITED,No Band,"-"
SRF,EQ,SRF LIMITED,No Band,"-"
SUNPHARMA,EQ,SUN PHARMACEUTICAL INDUSTRIES LIMITED,No Band,"-"
SUPREMEIND,EQ,SUPREME INDUSTRIES LIMITED,No Band,"-"
SUZLON,EQ,SUZLON ENERGY LIMITED,No Band,"-"
SWIGGY,EQ,SWIGGY LIMITED,No Band,"-"
SYNGENE,EQ,SYNGENE INTERNATIONAL LIMITED,No Band,"-"
TATACONSUM,EQ,TATA CONSUMER PRODUCTS LIMITED,No Band,"-"
TATAELXSI,EQ,TATA ELXSI LIMITED,No Band,"-"
TATAPOWER,EQ,TATA POWER COMPANY LIMITED,No Band,"-"
TATASTEEL,EQ,TATA STEEL LIMITED,No Band,"-"
TATATECH,EQ,TATA TECHNOLOGIES LIMITED,No Band,"-"
TCS,EQ,TATA CONSULTANCY SERVICES LIMITED,No Band,"-"
TECHM,EQ,TECH MAHINDRA LIMITED,No Band,"-"
TIINDIA,EQ,TUBE INVESTMENTS OF INDIA LIMITED,No Band,"-"
TITAN,EQ,TITAN COMPANY LIMITED,No Band,"-"
TMPV,EQ,TATA MOTORS PASSENGER VEHICLES LIMITED,No Band,"-"
TORNTPHARM,EQ,TORRENT PHARMACEUTICALS LIMITED,No Band,"-"
TORNTPOWER,EQ,TORRENT POWER LIMITED,No Band,"-"
TRENT,EQ,TRENT LIMITED,No Band,"-"
TVSMOTOR,EQ,TVS MOTOR COMPANY LIMITED,No Band,"-"
ULTRACEMCO,EQ,ULTRATECH CEMENT LIMITED,No Band,"-"
UNIONBANK,EQ,UNION BANK OF INDIA,No Band,"-"
UNITDSPR,EQ,UNITED SPIRITS LIMITED,No Band,"-"
UNOMINDA,EQ,UNO MINDA LIMITED,No Band,"-"
UPL,EQ,UPL LIMITED,No Band,"-"
VBL,EQ,VARUN BEVERAGES LIMITED,No Band,"-"
VEDL,EQ,VEDANTA LIMITED,No Band,"-"
VOLTAS,EQ,VOLTAS LIMITED,No Band,"-"
WAAREEENER,EQ,WAAREE ENERGIES LIMITED,No Band,"-"
WIPRO,EQ,WIPRO LIMITED,No Band,"-"
YESBANK,EQ,YES BANK LIMITED,No Band,"-"
ZYDUSLIFE,EQ,ZYDUS LIFESCIENCES LIMITED,No Band,"-"
